horizon,frames,model,split,samples,accuracy,top2_accuracy,macro_f1,log_loss,changed_action_samples,changed_action_accuracy,unchanged_action_samples,unchanged_action_accuracy
50ms,3,fep_efe,validation,3190,0.5783699059561128,0.780564263322884,0.40270259562037836,1.1380211800792532,548,0.2518248175182482,2642,0.6461014383043149
50ms,3,fep_efe,test,6583,0.5565851435515722,0.7703174844295914,0.3645807805223333,1.1301265746032991,1116,0.18189964157706093,5467,0.6330711541979147
50ms,3,fep_generative,validation,3190,0.6526645768025079,0.9047021943573668,0.4357359393002437,0.8064996721601676,548,0.1678832116788321,2642,0.753217259651779
50ms,3,fep_generative,test,6583,0.6832751025368373,0.9009570104815434,0.43961077836310797,0.8069043539581623,1116,0.11290322580645161,5467,0.7997073349186026
50ms,3,xgboost,validation,3190,0.868025078369906,0.9592476489028213,0.8439595849013802,0.3703187047742161,548,0.31386861313868614,2642,0.9829674489023467
50ms,3,xgboost,test,6583,0.8790824851891235,0.966580586358803,0.8347022783047893,0.3320943484394786,1116,0.4345878136200717,5467,0.9698189134808853
50ms,3,xgboost_fep,validation,3190,0.8721003134796238,0.9579937304075236,0.8472853012192081,0.36974514575218975,548,0.33941605839416056,2642,0.9825889477668432
50ms,3,xgboost_fep,test,6583,0.8812091751481088,0.9694668084459973,0.8385408705298627,0.3317919606677224,1116,0.41935483870967744,5467,0.9754892994329614
50ms,3,two_stage,validation,3190,0.8724137931034482,0.9636363636363636,0.8468633559204065,0.37308906568012506,548,0.3193430656934307,2642,0.9871309613928841
50ms,3,two_stage,test,6583,0.8786267659121981,0.967340118487012,0.8406897024309374,0.34404112738046005,1116,0.3655913978494624,5467,0.9833546734955185
50ms,3,two_stage_fep,validation,3190,0.8724137931034482,0.9642633228840125,0.8480126469533055,0.37242214252054023,548,0.3302919708029197,2642,0.9848599545798638
50ms,3,two_stage_fep,test,6583,0.8839434908096613,0.967340118487012,0.8432495279302759,0.33969416873963726,1116,0.4220430107526882,5467,0.9782330345710627
50ms,3,catboost,validation,3190,0.8670846394984326,0.9636363636363636,0.840931085229539,0.3843687168988024,548,0.3010948905109489,2642,0.9844814534443603
50ms,3,catboost,test,6583,0.8689047546711226,0.966580586358803,0.8280688564552381,0.363135797682014,1116,0.3270609318996416,5467,0.9795134443021767
50ms,3,hsmm_duration,validation,3190,0.8322884012539185,0.9141065830721004,0.8101328700249771,0.5362137791537563,548,0.03832116788321168,2642,0.9969719909159728
50ms,3,hsmm_duration,test,6583,0.8348777153273583,0.8974631626917818,0.7984303004864992,0.5372460390470047,1116,0.03763440860215054,5467,0.9976220962136455
50ms,3,context_B,validation,3190,0.6526645768025079,0.9056426332288401,0.4357359393002437,0.7657247555919907,548,0.1678832116788321,2642,0.753217259651779
50ms,3,context_B,test,6583,0.6832751025368373,0.902779887589245,0.43961077836310797,0.7704722588870699,1116,0.11290322580645161,5467,0.7997073349186026
50ms,3,stacking,validation,3190,0.870846394984326,0.958307210031348,0.847375253556726,0.38871700112128893,548,0.3175182481751825,2642,0.9856169568508706
50ms,3,stacking,test,6583,0.8809053622968251,0.9612638614613398,0.8376486680489,0.358429077774016,1116,0.41845878136200715,5467,0.975306383757088
100ms,6,fep_efe,validation,3112,0.4961439588688946,0.7503213367609255,0.25096128698567244,1.211989924810987,971,0.2554067971163749,2141,0.6053246146660439
100ms,6,fep_efe,test,6484,0.534083898827884,0.73673658235657,0.2615469025078568,1.2031668897640115,1950,0.29794871794871797,4534,0.6356418173797971
100ms,6,fep_generative,validation,3112,0.5658740359897172,0.8123393316195373,0.3744507869662123,1.025609217382728,971,0.13079299691040164,2141,0.7631947687996263
100ms,6,fep_generative,test,6484,0.5939235040098705,0.8167797655768044,0.37579084201162666,1.0200489178395797,1950,0.09794871794871794,4534,0.8072342302602559
100ms,6,xgboost,validation,3112,0.797879177377892,0.919344473007712,0.7530462306779533,0.5473586337527812,971,0.4243048403707518,2141,0.9673049976646427
100ms,6,xgboost,test,6484,0.8240283775447255,0.9380012338062924,0.7566380330304577,0.4807116174688249,1950,0.5215384615384615,4534,0.9541243934715483
100ms,6,xgboost_fep,validation,3112,0.7972365038560412,0.9206298200514139,0.7513259674860089,0.547167941030503,971,0.4232749742533471,2141,0.966837926202709
100ms,6,xgboost_fep,test,6484,0.817550894509562,0.940623072177668,0.7488160262555514,0.48109036585859555,1950,0.5046153846153846,4534,0.9521393912659903
100ms,6,two_stage,validation,3112,0.7872750642673522,0.9196658097686375,0.74129522482201,0.5547540633702974,971,0.41503604531410915,2141,0.9560952825782345
100ms,6,two_stage,test,6484,0.8141579272054288,0.9376927822331894,0.7423166431783541,0.4959099245967492,1950,0.5,4534,0.949272165857962
100ms,6,two_stage_fep,validation,3112,0.7824550128534704,0.9187017994858612,0.7336629803340768,0.5531956199458574,971,0.40679711637487126,2141,0.9528257823446987
100ms,6,two_stage_fep,test,6484,0.8197100555212832,0.9383096853793954,0.7473403183000927,0.48890570814923995,1950,0.5143589743589744,4534,0.9510366122629025
100ms,6,catboost,validation,3112,0.7882390745501285,0.922879177377892,0.7401585257352429,0.5549599025657911,971,0.411946446961895,2141,0.9588977113498365
100ms,6,catboost,test,6484,0.8130783466995681,0.9432449105490438,0.7419698572625959,0.5062593582175674,1950,0.48717948717948717,4534,0.9532421702690781
100ms,6,hsmm_duration,validation,3112,0.6960154241645244,0.8390102827763496,0.6554570672359268,0.8021425863207595,971,0.06591143151390319,2141,0.9817842129845866
100ms,6,hsmm_duration,test,6484,0.7031153608883405,0.8119987661937076,0.6298297014094209,0.8066861795118327,1950,0.031794871794871796,4534,0.9918394353771505
100ms,6,context_B,validation,3112,0.5713367609254498,0.8329048843187661,0.37695315589405115,0.9525212995544464,971,0.15036045314109167,2141,0.762260625875759
100ms,6,context_B,test,6484,0.5971622455274522,0.8542566317088217,0.3766500071239582,0.9560127357526517,1950,0.1158974358974359,4534,0.80414644905161
100ms,6,stacking,validation,3112,0.7956298200514139,0.9187017994858612,0.7488787057077058,0.5664768062053749,971,0.41503604531410915,2141,0.96823914058851
100ms,6,stacking,test,6484,0.8186304750154226,0.9335286859962986,0.7438259725352232,0.5101707991912358,1950,0.4938461538461538,4534,0.9583149536832819
200ms,12,fep_efe,validation,2956,0.4895128552097429,0.6089309878213802,0.24272099564652008,1.3401768735034685,1458,0.2832647462277092,1498,0.6902536715620827
200ms,12,fep_efe,test,6286,0.5124085268851416,0.5860642698059179,0.24732366338065512,1.302211203731844,2769,0.28746840014445646,3517,0.6895081034972989
200ms,12,fep_generative,validation,2956,0.42050067658998647,0.6786197564276049,0.2725675875861425,1.296963322342739,1458,0.05761316872427984,1498,0.7736982643524699
200ms,12,fep_generative,test,6286,0.481228125994273,0.7497613744829781,0.29644786652422583,1.216984352090526,2769,0.05922715781870711,3517,0.8134773955075348
200ms,12,xgboost,validation,2956,0.7192151556156969,0.8697564276048715,0.6563956797516057,0.7159898741420764,1458,0.5384087791495199,1498,0.8951935914552737
200ms,12,xgboost,test,6286,0.7554883868915049,0.9139357301940821,0.6664293887570862,0.6156855942259114,2769,0.5568797399783315,3517,0.911856696047768
200ms,12,xgboost_fep,validation,2956,0.7236129905277402,0.8744925575101489,0.6609857330302937,0.7050282675008573,1458,0.5390946502057613,1498,0.9032042723631508
200ms,12,xgboost_fep,test,6286,0.7659879096404709,0.9163219853643016,0.6803688044474197,0.6043446424030199,2769,0.5893824485373781,3517,0.9050326983224339
200ms,12,two_stage,validation,2956,0.7117726657645467,0.878552097428958,0.6432673078385541,0.7077611595144704,1458,0.5301783264746228,1498,0.8885180240320427
200ms,12,two_stage,test,6286,0.7647152402163538,0.9107540566337894,0.6804023592035905,0.6152913193771419,2769,0.5814373420007223,3517,0.9090133636622121
200ms,12,two_stage_fep,validation,2956,0.7144790257104194,0.8728010825439784,0.648395086603271,0.7157023390646928,1458,0.5384087791495199,1498,0.8858477970627503
200ms,12,two_stage_fep,test,6286,0.7613744829780464,0.9115494750238625,0.68131403947572,0.6214970294099689,2769,0.5767425063199711,3517,0.9067386977537674
200ms,12,catboost,validation,2956,0.7202300405953992,0.8734776725304465,0.6560228586822725,0.7165008825658185,1458,0.5315500685871056,1498,0.9038718291054739
200ms,12,catboost,test,6286,0.7328985046134266,0.9147311485841553,0.6407262648069194,0.6502326720877087,2769,0.49765258215962443,3517,0.918112027295991
200ms,12,hsmm_duration,validation,2956,0.5145466847090663,0.7182002706359946,0.43823213850913073,1.0790498173746423,1458,0.06858710562414266,1498,0.9485981308411215
200ms,12,hsmm_duration,test,6286,0.566815144766147,0.7626471524021635,0.45193560886998513,1.0412134177174825,2769,0.04080895630191405,3517,0.9809496730167757
200ms,12,context_B,validation,2956,0.44993234100135315,0.7077131258457375,0.2818593021037975,1.2320154469186118,1458,0.13443072702331962,1498,0.7570093457943925
200ms,12,context_B,test,6286,0.5136811963092587,0.7653515749284123,0.2991530899901989,1.1455831272164698,2769,0.17804261466233298,3517,0.7779357406880865
200ms,12,stacking,validation,2956,0.7209066305818674,0.8558863328822733,0.6599239198986361,0.7261051752489753,1458,0.5411522633744856,1498,0.8958611481975968
200ms,12,stacking,test,6286,0.7488068724148902,0.9093223035316577,0.6579718805697237,0.6516758626979555,2769,0.5236547490068617,3517,0.9260733579755474
300ms,18,fep_efe,validation,2800,0.4085714285714286,0.5625,0.11602434077079107,1.4241378861041945,1693,0.36562315416420554,1107,0.4742547425474255
300ms,18,fep_efe,test,6088,0.41967805519053875,0.5780223390275953,0.11824597940529909,1.3542283075050827,3253,0.3264678758069474,2835,0.52663139329806
300ms,18,fep_generative,validation,2800,0.31392857142857145,0.6267857142857143,0.20012075041363636,1.4284018619656627,1693,0.027761370348493797,1107,0.7515808491418248
300ms,18,fep_generative,test,6088,0.41458607095926414,0.7005584756898817,0.25101829810987125,1.3086997889084824,3253,0.06762988011066708,2835,0.8126984126984127
300ms,18,xgboost,validation,2800,0.6875,0.8517857142857143,0.6070853603686113,0.7885844148023057,1693,0.5794447725930302,1107,0.8527551942186089
300ms,18,xgboost,test,6088,0.7169842312746386,0.8930683311432326,0.6218148783621699,0.7115324049856723,3253,0.5853058715032278,2835,0.8680776014109347
300ms,18,xgboost_fep,validation,2800,0.6925,0.8492857142857143,0.6148858316771324,0.7880539565873872,1693,0.5865327820437094,1107,0.8545618789521229
300ms,18,xgboost_fep,test,6088,0.7247043363994744,0.8920827858081471,0.6298608834776389,0.7011910845595662,3253,0.5908392253304642,2835,0.8783068783068783
300ms,18,two_stage,validation,2800,0.6878571428571428,0.8525,0.6084713052753365,0.8084671623803066,1693,0.600708800945068,1107,0.8211382113821138
300ms,18,two_stage,test,6088,0.7253613666228647,0.8838699080157687,0.6340965201456202,0.7136496651960532,3253,0.5868429142330157,2835,0.8843033509700177
300ms,18,two_stage_fep,validation,2800,0.6892857142857143,0.85,0.61050017713687,0.8053465388632872,1693,0.6001181334908446,1107,0.8256549232158988
300ms,18,two_stage_fep,test,6088,0.7159986859395532,0.8860052562417872,0.6281418010915507,0.7184088918204171,3253,0.5803873347679065,2835,0.8716049382716049
300ms,18,catboost,validation,2800,0.6832142857142857,0.8517857142857143,0.598872728511412,0.7911980216174127,1693,0.5676314235085647,1107,0.8599819331526649
300ms,18,catboost,test,6088,0.7094283837056504,0.8909329829172142,0.6077863999745834,0.744949910130948,3253,0.5490316630802337,2835,0.8934744268077601
300ms,18,hsmm_duration,validation,2800,0.5128571428571429,0.6857142857142857,0.33997142491851134,1.2299514031470091,1693,0.2959243945658594,1107,0.8446251129177959
300ms,18,hsmm_duration,test,6088,0.5353153745072273,0.7278252299605782,0.3506559912002145,1.1685830859991857,3253,0.23578235474946205,2835,0.8790123456790123
300ms,18,context_B,validation,2800,0.35678571428571426,0.5953571428571428,0.2171461675950928,1.4065728746788704,1693,0.10868281157708211,1107,0.7362240289069557
300ms,18,context_B,test,6088,0.4503942181340342,0.6974375821287779,0.2556911267597293,1.2686651643046831,3253,0.1647709806332616,2835,0.7781305114638448
300ms,18,stacking,validation,2800,0.6692857142857143,0.8403571428571428,0.5414527695023834,0.8095516434785479,1693,0.5321913762551683,1107,0.8789521228545619
300ms,18,stacking,test,6088,0.7132063074901446,0.8945466491458607,0.558433935358048,0.7418140911150392,3253,0.5496464801721488,2835,0.9008818342151675
500ms,30,fep_efe,validation,2492,0.41091492776886035,0.5959069020866774,0.11649601820250284,1.4488894726104706,1722,0.3989547038327526,770,0.43766233766233764
500ms,30,fep_efe,test,5696,0.4201193820224719,0.6207865168539326,0.11833353937445915,1.3862691752367784,3454,0.33671105964099596,2242,0.5486173059768065
500ms,30,fep_generative,validation,2492,0.3996789727126806,0.6324237560192616,0.17722201765669254,1.4740060258633383,1722,0.2659698025551684,770,0.6987012987012987
500ms,30,fep_generative,test,5696,0.444873595505618,0.667310393258427,0.19870949359523235,1.3384964321750428,3454,0.25303995367689636,2242,0.7404103479036575
500ms,30,xgboost,validation,2492,0.6729534510433387,0.8270465489566613,0.5203222853368195,0.8728888451025453,1722,0.624274099883856,770,0.7818181818181819
500ms,30,xgboost,test,5696,0.6976825842696629,0.8792134831460674,0.5423681942554222,0.8269255895492971,3454,0.603358425014476,2242,0.8429973238180196
500ms,30,xgboost_fep,validation,2492,0.6761637239165329,0.8302568218298555,0.5313158436931434,0.8663608602446929,1722,0.6329849012775842,770,0.7727272727272727
500ms,30,xgboost_fep,test,5696,0.6961025280898876,0.8765800561797753,0.5501923788930492,0.812754719698541,3454,0.5975680370584829,2242,0.8479036574487065
500ms,30,two_stage,validation,2492,0.6906099518459069,0.8282504012841091,0.555155779560401,0.8808429414555103,1722,0.6382113821138211,770,0.8077922077922078
500ms,30,two_stage,test,5696,0.6904845505617978,0.8635884831460674,0.5257551596941253,0.8309385914555772,3454,0.588303416328894,2242,0.8479036574487065
500ms,30,two_stage_fep,validation,2492,0.6914125200642055,0.8358747993579454,0.552693119079985,0.8770010385360665,1722,0.6353077816492451,770,0.8168831168831169
500ms,30,two_stage_fep,test,5696,0.6946980337078652,0.8727176966292135,0.527144690449519,0.8337373293952457,3454,0.5906195715112913,2242,0.8550401427297056
500ms,30,catboost,validation,2492,0.6717495987158909,0.8246388443017657,0.5199013560800253,0.8959266659429149,1722,0.6074332171893148,770,0.8155844155844156
500ms,30,catboost,test,5696,0.6697682584269663,0.8663974719101124,0.4874484131186222,0.8533725198440629,3454,0.5596409959467284,2242,0.83942908117752
500ms,30,hsmm_duration,validation,2492,0.4875601926163724,0.7054574638844302,0.28674367672504136,1.3377934232407063,1722,0.3641114982578397,770,0.7636363636363637
500ms,30,hsmm_duration,test,5696,0.4864817415730337,0.6780196629213483,0.27831428023619104,1.253998230890967,3454,0.2973364215402432,2242,0.7778768956289027
500ms,30,context_B,validation,2492,0.3017656500802568,0.6247993579454254,0.17039904462916783,1.492628217975098,1722,0.16260162601626016,770,0.612987012987013
500ms,30,context_B,test,5696,0.40344101123595505,0.6660814606741573,0.21077495676960495,1.346409790549779,3454,0.20903300521134915,2242,0.7029438001784122
500ms,30,stacking,validation,2492,0.6665329052969502,0.8166131621187801,0.5025054032112154,0.8772064405470873,1722,0.6138211382113821,770,0.7844155844155845
500ms,30,stacking,test,5696,0.6799508426966292,0.8616573033707865,0.5126322314543581,0.8591080856226446,3454,0.5862767805442964,2242,0.8242640499553969
1s,60,fep_efe,validation,1921,0.3368037480478917,0.45549193128578863,0.10077881619937694,1.5448520111792865,1639,0.33007931665649787,282,0.375886524822695
1s,60,fep_efe,test,4834,0.3965659908978072,0.554199420769549,0.11358317286327953,1.4516909762697807,3463,0.33958995090961597,1371,0.5404814004376368
1s,60,fep_generative,validation,1921,0.3368037480478917,0.6028110359187923,0.10077881619937694,1.6117793287904685,1639,0.33007931665649787,282,0.375886524822695
1s,60,fep_generative,test,4834,0.3965659908978072,0.6216383947041787,0.11358317286327953,1.4438165258038307,3463,0.33958995090961597,1371,0.5404814004376368
1s,60,xgboost,validation,1921,0.5637688703800104,0.76730869338886,0.4519935312217176,1.13028373546107,1639,0.6137888956680903,282,0.2730496453900709
1s,60,xgboost,test,4834,0.5715763342987175,0.788580885395118,0.4227966209020816,1.1004551375294123,3463,0.5524112041582443,1371,0.6199854121079504
1s,60,xgboost_fep,validation,1921,0.566892243623113,0.7652264445601249,0.4530143912141226,1.1219680675578318,1639,0.6192800488102501,282,0.2624113475177305
1s,60,xgboost_fep,test,4834,0.5748862225899876,0.7970624741414978,0.4353519604194506,1.0837975855713418,3463,0.5547213398787179,1371,0.6258205689277899
1s,60,two_stage,validation,1921,0.5611660593440916,0.7501301405517959,0.4536436668090583,1.1418255574063343,1639,0.6546674801708359,282,0.01773049645390071
1s,60,two_stage,test,4834,0.5604054613156806,0.8007860984691767,0.43809658760932624,1.1432058441377322,3463,0.625180479353162,1371,0.3967906637490883
1s,60,two_stage_fep,validation,1921,0.5627277459656429,0.7558563248308173,0.45572659248960673,1.1632884120416478,1639,0.6583282489322758,282,0.0070921985815602835
1s,60,two_stage_fep,test,4834,0.5401323955316508,0.8022341745966074,0.4349287778936806,1.1401531689690985,3463,0.6326884204447011,1371,0.3063457330415755
1s,60,catboost,validation,1921,0.5835502342529932,0.7584591358667361,0.44600361342735456,1.1421464351820636,1639,0.6314826113483831,282,0.3049645390070922
1s,60,catboost,test,4834,0.5614398014067026,0.7978899462143153,0.39061339156541947,1.0997311692745053,3463,0.5362402541149293,1371,0.62509117432531
1s,60,hsmm_duration,validation,1921,0.33784487246225925,0.629359708485164,0.10594005222677605,1.479547639096642,1639,0.3343502135448444,282,0.35815602836879434
1s,60,hsmm_duration,test,4834,0.3928423665701283,0.6261894911046753,0.11574819684271938,1.4498931525624121,3463,0.34190008663008953,1371,0.5215171407731582
1s,60,context_B,validation,1921,0.3310775637688704,0.6397709526288391,0.13092836687427417,1.6258172567179416,1639,0.3099450884685784,282,0.45390070921985815
1s,60,context_B,test,4834,0.3862225899875879,0.618535374431113,0.1410605986130468,1.478093082641771,3463,0.3141784579844066,1371,0.5681983953318746
1s,60,stacking,validation,1921,0.5663716814159292,0.7376366475793857,0.42335486121984156,1.1256881688722116,1639,0.6211104331909701,282,0.24822695035460993
1s,60,stacking,test,4834,0.5635084815887463,0.7579644187008688,0.3876383076915718,1.1276634388940525,3463,0.5538550389835403,1371,0.587892049598833
2s,120,fep_efe,validation,1092,0.3333333333333333,0.6538461538461539,0.1,1.531712479383611,884,0.24434389140271492,208,0.7115384615384616
2s,120,fep_efe,test,3214,0.4131922837585563,0.693528313627878,0.1169528841919859,1.4547094657993933,2271,0.2950242184059885,943,0.6977730646871686
2s,120,fep_generative,validation,1092,0.3333333333333333,0.5393772893772893,0.1,1.5733321677514243,884,0.24434389140271492,208,0.7115384615384616
2s,120,fep_generative,test,3214,0.4131922837585563,0.5821406347230865,0.1169528841919859,1.4277799120349004,2271,0.2950242184059885,943,0.6977730646871686
2s,120,xgboost,validation,1092,0.45146520146520147,0.717032967032967,0.2591944245188741,1.244897204413511,884,0.41289592760180993,208,0.6153846153846154
2s,120,xgboost,test,3214,0.5084007467330429,0.7358431860609832,0.2865464041279909,1.1655451688414404,2271,0.4456186701893439,943,0.6595970307529162
2s,120,xgboost_fep,validation,1092,0.45054945054945056,0.7060439560439561,0.25415729697283707,1.2443293231664307,884,0.41855203619909503,208,0.5865384615384616
2s,120,xgboost_fep,test,3214,0.5068450528935905,0.7442439327940261,0.28269559171186204,1.1588285851079925,2271,0.4420959929546455,943,0.662778366914104
2s,120,two_stage,validation,1092,0.5091575091575091,0.7225274725274725,0.3431019227390917,1.2858499782518475,884,0.5158371040723982,208,0.4807692307692308
2s,120,two_stage,test,3214,0.529869321717486,0.7283758556316117,0.31212193246256603,1.2020725873991127,2271,0.5107881990312637,943,0.5758218451749735
2s,120,two_stage_fep,validation,1092,0.4835164835164835,0.7234432234432234,0.3068373249407215,1.2260991323928894,884,0.47850678733031676,208,0.5048076923076923
2s,120,two_stage_fep,test,3214,0.5345364032358432,0.7339763534536403,0.3100102403883649,1.1720308165452016,2271,0.5099075297225891,943,0.5938494167550371
2s,120,catboost,validation,1092,0.4807692307692308,0.7408424908424909,0.29239673223287593,1.2153082962320552,884,0.4343891402714932,208,0.6778846153846154
2s,120,catboost,test,3214,0.5146235220908525,0.7386434349719975,0.2855297465479867,1.18235613421768,2271,0.43593130779392336,943,0.704135737009544
2s,120,hsmm_duration,validation,1092,0.3333333333333333,0.5393772893772893,0.1,1.5213097873335635,884,0.24434389140271492,208,0.7115384615384616
2s,120,hsmm_duration,test,3214,0.4131922837585563,0.5821406347230865,0.1169528841919859,1.417872062091026,2271,0.2950242184059885,943,0.6977730646871686
2s,120,context_B,validation,1092,0.25274725274725274,0.40476190476190477,0.09618393779279441,1.7545303649825017,884,0.18778280542986425,208,0.5288461538461539
2s,120,context_B,test,3214,0.3705662725575607,0.5164903546981954,0.12849298527448788,1.5076314920652802,2271,0.2509907529722589,943,0.6585365853658537
2s,120,stacking,validation,1092,0.47893772893772896,0.6913919413919414,0.23642336630657526,1.2509811745839192,884,0.4445701357466063,208,0.625
2s,120,stacking,test,3214,0.5357809583074051,0.7006845052893591,0.2670488205615592,1.2158213943389122,2271,0.4804051078819903,943,0.6691410392364793
3s,180,fep_efe,validation,555,0.44144144144144143,0.7387387387387387,0.12250000000000001,1.3987955327253654,364,0.25,191,0.806282722513089
3s,180,fep_efe,test,1751,0.4471730439748715,0.7195888063963449,0.12359905288082082,1.400046232099892,1257,0.32537788385043753,494,0.757085020242915
3s,180,fep_generative,validation,555,0.44144144144144143,0.581981981981982,0.12250000000000001,1.4487205025424972,364,0.25,191,0.806282722513089
3s,180,fep_generative,test,1751,0.4471730439748715,0.6042261564820103,0.12359905288082082,1.3905315369223907,1257,0.32537788385043753,494,0.757085020242915
3s,180,xgboost,validation,555,0.4864864864864865,0.7153153153153153,0.3284064340481391,1.3134517365016403,364,0.3324175824175824,191,0.7801047120418848
3s,180,xgboost,test,1751,0.3797829811536265,0.7155910908052542,0.15671539431436837,1.3222180476226175,1257,0.2967382657120127,494,0.5910931174089069
3s,180,xgboost_fep,validation,555,0.5027027027027027,0.7243243243243244,0.3814814770222596,1.3170143588726029,364,0.33516483516483514,191,0.8219895287958116
3s,180,xgboost_fep,test,1751,0.3894917190177042,0.7041690462592805,0.1706377459872143,1.3344194201153754,1257,0.30946698488464597,494,0.5931174089068826
3s,180,two_stage,validation,555,0.4306306306306306,0.7243243243243244,0.2880834089240286,1.3364757569292403,364,0.3324175824175824,191,0.6178010471204188
3s,180,two_stage,test,1751,0.39920045688178185,0.6950314106225014,0.18915587183300955,1.3294722573055702,1257,0.34765314240254575,494,0.5303643724696356
3s,180,two_stage_fep,validation,555,0.46126126126126127,0.6882882882882883,0.32960150238917213,1.3617920769206502,364,0.38461538461538464,191,0.6073298429319371
3s,180,two_stage_fep,test,1751,0.3957738435179897,0.6996002284408909,0.1931145825320861,1.349008103865748,1257,0.3444709626093874,494,0.5263157894736842
3s,180,catboost,validation,555,0.44324324324324327,0.7603603603603604,0.22241944819602547,1.3819835820511779,364,0.34615384615384615,191,0.6282722513089005
3s,180,catboost,test,1751,0.4306110793832096,0.67390062821245,0.192721715958242,1.3163689477860854,1257,0.31742243436754175,494,0.7186234817813765
3s,180,hsmm_duration,validation,555,0.44144144144144143,0.581981981981982,0.12250000000000001,1.4323681533408672,364,0.25,191,0.806282722513089
3s,180,hsmm_duration,test,1751,0.4471730439748715,0.6042261564820103,0.12359905288082082,1.3832638066619654,1257,0.32537788385043753,494,0.757085020242915
3s,180,context_B,validation,555,0.4126126126126126,0.5315315315315315,0.13173295454545456,1.5162878774738213,364,0.21703296703296704,191,0.7853403141361257
3s,180,context_B,test,1751,0.40719588806396345,0.5431182181610509,0.12357552840684524,1.4475340129810566,1257,0.2752585521081941,494,0.742914979757085
3s,180,stacking,validation,555,0.44144144144144143,0.5405405405405406,0.12250000000000001,1.4052657503392325,364,0.25,191,0.806282722513089
3s,180,stacking,test,1751,0.4471730439748715,0.6150770988006853,0.12359905288082082,1.3283253864609137,1257,0.32537788385043753,494,0.757085020242915
