horizon,milliseconds,frames,model,step,step_time_ms_at_60fps,samples,correct,accuracy
50ms,50,3,xgboost,1,16.666666666666668,6574,6296,0.9577121995740797
50ms,50,3,xgboost,2,33.333333333333336,6574,5892,0.8962579860054761
50ms,50,3,xgboost,3,50.0,6574,5608,0.8530574992394281
50ms,50,3,fep,1,16.666666666666668,6574,3530,0.5369637967751749
50ms,50,3,fep,2,33.333333333333336,6574,3544,0.5390933982354731
50ms,50,3,fep,3,50.0,6574,3553,0.5404624277456648
100ms,100,6,xgboost,1,16.666666666666668,6466,6193,0.9577791524899474
100ms,100,6,xgboost,2,33.333333333333336,6466,5796,0.8963810702134241
100ms,100,6,xgboost,3,50.0,6466,5518,0.8533869471079493
100ms,100,6,xgboost,4,66.66666666666667,6466,5256,0.8128673059078255
100ms,100,6,xgboost,5,83.33333333333333,6466,5006,0.7742035261367152
100ms,100,6,xgboost,6,100.0,6466,4766,0.7370862975564492
100ms,100,6,fep,1,16.666666666666668,6466,3436,0.5313949891741416
100ms,100,6,fep,2,33.333333333333336,6466,3449,0.5334055057222394
100ms,100,6,fep,3,50.0,6466,3460,0.5351067120321683
100ms,100,6,fep,4,66.66666666666667,6466,3462,0.5354160222703371
100ms,100,6,fep,5,83.33333333333333,6466,3461,0.5352613671512527
100ms,100,6,fep,6,100.0,6466,3456,0.5344880915558305
200ms,200,12,xgboost,1,16.666666666666668,6250,5982,0.95712
200ms,200,12,xgboost,2,33.333333333333336,6250,5593,0.89488
200ms,200,12,xgboost,3,50.0,6250,5319,0.85104
200ms,200,12,xgboost,4,66.66666666666667,6250,5062,0.80992
200ms,200,12,xgboost,5,83.33333333333333,6250,4819,0.77104
200ms,200,12,xgboost,6,100.0,6250,4587,0.73392
200ms,200,12,xgboost,7,116.66666666666667,6250,4372,0.69952
200ms,200,12,xgboost,8,133.33333333333334,6250,4190,0.6704
200ms,200,12,xgboost,9,150.0,6250,4039,0.64624
200ms,200,12,xgboost,10,166.66666666666666,6250,3904,0.62464
200ms,200,12,xgboost,11,183.33333333333334,6250,3763,0.60208
200ms,200,12,xgboost,12,200.0,6250,3639,0.58224
200ms,200,12,fep,1,16.666666666666668,6250,3248,0.51968
200ms,200,12,fep,2,33.333333333333336,6250,3261,0.52176
200ms,200,12,fep,3,50.0,6250,3273,0.52368
200ms,200,12,fep,4,66.66666666666667,6250,3277,0.52432
200ms,200,12,fep,5,83.33333333333333,6250,3276,0.52416
200ms,200,12,fep,6,100.0,6250,3272,0.52352
200ms,200,12,fep,7,116.66666666666667,6250,3265,0.5224
200ms,200,12,fep,8,133.33333333333334,6250,3256,0.52096
200ms,200,12,fep,9,150.0,6250,3246,0.51936
200ms,200,12,fep,10,166.66666666666666,6250,3233,0.51728
200ms,200,12,fep,11,183.33333333333334,6250,3218,0.51488
200ms,200,12,fep,12,200.0,6250,3202,0.51232
500ms,500,30,xgboost,1,16.666666666666668,5606,5371,0.95808062789868
500ms,500,30,xgboost,2,33.333333333333336,5606,5015,0.8945772386728505
500ms,500,30,xgboost,3,50.0,5606,4769,0.8506956831965751
500ms,500,30,xgboost,4,66.66666666666667,5606,4538,0.8094898323225116
500ms,500,30,xgboost,5,83.33333333333333,5606,4320,0.7706029254370318
500ms,500,30,xgboost,6,100.0,5606,4110,0.733143061006065
500ms,500,30,xgboost,7,116.66666666666667,5606,3913,0.6980021405636818
500ms,500,30,xgboost,8,133.33333333333334,5606,3744,0.6678558687120942
500ms,500,30,xgboost,9,150.0,5606,3604,0.6428826257581163
500ms,500,30,xgboost,10,166.66666666666666,5606,3478,0.6204067070995362
500ms,500,30,xgboost,11,183.33333333333334,5606,3345,0.5966821262932572
500ms,500,30,xgboost,12,200.0,5606,3231,0.5763467713164466
500ms,500,30,xgboost,13,216.66666666666666,5606,3113,0.5552978951123796
500ms,500,30,xgboost,14,233.33333333333334,5606,2993,0.5338922582946842
500ms,500,30,xgboost,15,250.0,5606,2878,0.5133785230110596
500ms,500,30,xgboost,16,266.6666666666667,5606,2770,0.4941134498751338
500ms,500,30,xgboost,17,283.3333333333333,5606,2658,0.4741348555119515
500ms,500,30,xgboost,18,300.0,5606,2558,0.4562968248305387
500ms,500,30,xgboost,19,316.6666666666667,5606,2443,0.435783089546914
500ms,500,30,xgboost,20,333.3333333333333,5606,2317,0.4133071708883339
500ms,500,30,xgboost,21,350.0,5606,2190,0.3906528719229397
500ms,500,30,xgboost,22,366.6666666666667,5606,2072,0.36960399571887265
500ms,500,30,xgboost,23,383.3333333333333,5606,1979,0.35301462718515875
500ms,500,30,xgboost,24,400.0,5606,1908,0.3403496254013557
500ms,500,30,xgboost,25,416.6666666666667,5606,1862,0.3321441312879058
500ms,500,30,xgboost,26,433.3333333333333,5606,1833,0.3269711023902961
500ms,500,30,xgboost,27,450.0,5606,1801,0.32126293257224403
500ms,500,30,xgboost,28,466.6666666666667,5606,1769,0.3155547627541919
500ms,500,30,xgboost,29,483.3333333333333,5606,1740,0.31038173385658224
500ms,500,30,xgboost,30,500.0,5609,1684,0.30023177036904974
500ms,500,30,fep,1,16.666666666666668,5606,2832,0.5051730288976097
500ms,500,30,fep,2,33.333333333333336,5606,2837,0.5060649304316803
500ms,500,30,fep,3,50.0,5606,2840,0.5066000713521227
500ms,500,30,fep,4,66.66666666666667,5606,2834,0.505529789511238
500ms,500,30,fep,5,83.33333333333333,5606,2826,0.504102747056725
500ms,500,30,fep,6,100.0,5606,2816,0.5023189439885837
500ms,500,30,fep,7,116.66666666666667,5606,2803,0.5
500ms,500,30,fep,8,133.33333333333334,5606,2788,0.4973242953977881
500ms,500,30,fep,9,150.0,5606,2772,0.49447021048876205
500ms,500,30,fep,10,166.66666666666666,5606,2755,0.4914377452729219
500ms,500,30,fep,11,183.33333333333334,5606,2736,0.48804851944345345
500ms,500,30,fep,12,200.0,5606,2717,0.484659293613985
500ms,500,30,fep,13,216.66666666666666,5606,2705,0.4825187299322155
500ms,500,30,fep,14,233.33333333333334,5606,2694,0.4805565465572601
500ms,500,30,fep,15,250.0,5606,2685,0.4789511237959329
500ms,500,30,fep,16,266.6666666666667,5606,2679,0.47788084195504815
500ms,500,30,fep,17,283.3333333333333,5606,2676,0.4773457010346058
500ms,500,30,fep,18,300.0,5606,2669,0.4760970388869069
500ms,500,30,fep,19,316.6666666666667,5606,2662,0.474848376739208
500ms,500,30,fep,20,333.3333333333333,5606,2656,0.47377809489832323
500ms,500,30,fep,21,350.0,5606,2648,0.4723510524438102
500ms,500,30,fep,22,366.6666666666667,5606,2646,0.47199429183018193
500ms,500,30,fep,23,383.3333333333333,5606,2639,0.47074562968248307
500ms,500,30,fep,24,400.0,5606,2630,0.4691402069211559
500ms,500,30,fep,25,416.6666666666667,5606,2619,0.4671780235462005
500ms,500,30,fep,26,433.3333333333333,5606,2609,0.46539422047805923
500ms,500,30,fep,27,450.0,5606,2602,0.4641455583303603
500ms,500,30,fep,28,466.6666666666667,5606,2593,0.4625401355690332
500ms,500,30,fep,29,483.3333333333333,5606,2582,0.46057795219407777
500ms,500,30,fep,30,500.0,5609,2568,0.457835621322874
1000ms,1000,60,xgboost,1,16.666666666666668,4744,4540,0.9569983136593592
1000ms,1000,60,xgboost,2,33.333333333333336,4741,4230,0.892216831892006
1000ms,1000,60,xgboost,3,50.0,4738,4023,0.8490924440692276
1000ms,1000,60,xgboost,4,66.66666666666667,4735,3828,0.8084477296726504
1000ms,1000,60,xgboost,5,83.33333333333333,4732,3647,0.7707100591715976
1000ms,1000,60,xgboost,6,100.0,4729,3475,0.7348276591245506
1000ms,1000,60,xgboost,7,116.66666666666667,4726,3311,0.7005924672027084
1000ms,1000,60,xgboost,8,133.33333333333334,4723,3173,0.6718187592631801
1000ms,1000,60,xgboost,9,150.0,4720,3058,0.6478813559322034
1000ms,1000,60,xgboost,10,166.66666666666666,4717,2953,0.6260334958660165
1000ms,1000,60,xgboost,11,183.33333333333334,4714,2846,0.6037335596096733
1000ms,1000,60,xgboost,12,200.0,4711,2755,0.5848015283379325
1000ms,1000,60,xgboost,13,216.66666666666666,4708,2660,0.5649957519116398
1000ms,1000,60,xgboost,14,233.33333333333334,4705,2566,0.5453772582359192
1000ms,1000,60,xgboost,15,250.0,4702,2474,0.5261590812420247
1000ms,1000,60,xgboost,16,266.6666666666667,4699,2392,0.5090444775484145
1000ms,1000,60,xgboost,17,283.3333333333333,4696,2304,0.4906303236797274
1000ms,1000,60,xgboost,18,300.0,4693,2227,0.47453654378862137
1000ms,1000,60,xgboost,19,316.6666666666667,4690,2137,0.45565031982942433
1000ms,1000,60,xgboost,20,333.3333333333333,4687,2043,0.4358864945594197
1000ms,1000,60,xgboost,21,350.0,4684,1953,0.4169513236549957
1000ms,1000,60,xgboost,22,366.6666666666667,4681,1866,0.3986327707754753
1000ms,1000,60,xgboost,23,383.3333333333333,4678,1777,0.3798631893971783
1000ms,1000,60,xgboost,24,400.0,4675,1722,0.3683422459893048
1000ms,1000,60,xgboost,25,416.6666666666667,4672,1684,0.3604452054794521
1000ms,1000,60,xgboost,26,433.3333333333333,4669,1666,0.3568215892053973
1000ms,1000,60,xgboost,27,450.0,4666,1641,0.35169309901414486
1000ms,1000,60,xgboost,28,466.6666666666667,4663,1616,0.3465580098648938
1000ms,1000,60,xgboost,29,483.3333333333333,4661,1599,0.34305942930701566
1000ms,1000,60,xgboost,30,500.0,4662,1553,0.3331188331188331
1000ms,1000,60,xgboost,31,516.6666666666666,4663,1523,0.3266137679605404
1000ms,1000,60,xgboost,32,533.3333333333334,4666,1505,0.32254607801114443
1000ms,1000,60,xgboost,33,550.0,4669,1343,0.2876418933390448
1000ms,1000,60,xgboost,34,566.6666666666666,4672,1335,0.2857448630136986
1000ms,1000,60,xgboost,35,583.3333333333334,4675,1322,0.2827807486631016
1000ms,1000,60,xgboost,36,600.0,4678,1314,0.28088926891834115
1000ms,1000,60,xgboost,37,616.6666666666666,4681,1305,0.27878658406323437
1000ms,1000,60,xgboost,38,633.3333333333334,4684,1306,0.2788215200683177
1000ms,1000,60,xgboost,39,650.0,4687,1310,0.27949647962449325
1000ms,1000,60,xgboost,40,666.6666666666666,4690,1287,0.2744136460554371
1000ms,1000,60,xgboost,41,683.3333333333334,4693,1284,0.27359897720008525
1000ms,1000,60,xgboost,42,700.0,4696,1269,0.27022998296422485
1000ms,1000,60,xgboost,43,716.6666666666666,4699,1262,0.268567780378804
1000ms,1000,60,xgboost,44,733.3333333333334,4702,1257,0.267333049766057
1000ms,1000,60,xgboost,45,750.0,4705,1303,0.2769394261424017
1000ms,1000,60,xgboost,46,766.6666666666666,4708,1299,0.27591333899745113
1000ms,1000,60,xgboost,47,783.3333333333334,4711,1269,0.2693695606028444
1000ms,1000,60,xgboost,48,800.0,4714,1290,0.2736529486635554
1000ms,1000,60,xgboost,49,816.6666666666666,4717,1279,0.2711469154123384
1000ms,1000,60,xgboost,50,833.3333333333334,4720,1271,0.26927966101694917
1000ms,1000,60,xgboost,51,850.0,4723,1243,0.26318018208765614
1000ms,1000,60,xgboost,52,866.6666666666666,4726,1232,0.26068556919170544
1000ms,1000,60,xgboost,53,883.3333333333334,4729,1217,0.2573482765912455
1000ms,1000,60,xgboost,54,900.0,4732,1199,0.25338123415046493
1000ms,1000,60,xgboost,55,916.6666666666666,4735,1187,0.2506863780359028
1000ms,1000,60,xgboost,56,933.3333333333334,4738,1173,0.24757281553398058
1000ms,1000,60,xgboost,57,950.0,4741,1151,0.24277578569921957
1000ms,1000,60,xgboost,58,966.6666666666666,4743,1135,0.2393000210837023
1000ms,1000,60,xgboost,59,983.3333333333334,4745,1111,0.23414120126448892
1000ms,1000,60,xgboost,60,1000.0,4747,1080,0.227512112913419
1000ms,1000,60,fep,1,16.666666666666668,4744,2321,0.4892495784148398
1000ms,1000,60,fep,2,33.333333333333336,4741,2323,0.48998101666315125
1000ms,1000,60,fep,3,50.0,4738,2325,0.49071338117349095
1000ms,1000,60,fep,4,66.66666666666667,4735,2322,0.4903907074973601
1000ms,1000,60,fep,5,83.33333333333333,4732,2318,0.48985629754860527
1000ms,1000,60,fep,6,100.0,4729,2316,0.48974413195178684
1000ms,1000,60,fep,7,116.66666666666667,4726,2311,0.48899703766398644
1000ms,1000,60,fep,8,133.33333333333334,4723,2305,0.48803726445056106
1000ms,1000,60,fep,9,150.0,4720,2299,0.4870762711864407
1000ms,1000,60,fep,10,166.66666666666666,4717,2292,0.4859020563917744
1000ms,1000,60,fep,11,183.33333333333334,4714,2284,0.484514212982605
1000ms,1000,60,fep,12,200.0,4711,2277,0.48333687115262153
1000ms,1000,60,fep,13,216.66666666666666,4708,2271,0.4823704333050127
1000ms,1000,60,fep,14,233.33333333333334,4705,2266,0.481615302869288
1000ms,1000,60,fep,15,250.0,4702,2261,0.48085920884729905
1000ms,1000,60,fep,16,266.6666666666667,4699,2257,0.48031496062992124
1000ms,1000,60,fep,17,283.3333333333333,4696,2256,0.4804088586030664
1000ms,1000,60,fep,18,300.0,4693,2250,0.4794374600468783
1000ms,1000,60,fep,19,316.6666666666667,4690,2245,0.47867803837953093
1000ms,1000,60,fep,20,333.3333333333333,4687,2238,0.47749093236611906
1000ms,1000,60,fep,21,350.0,4684,2228,0.47566182749786506
1000ms,1000,60,fep,22,366.6666666666667,4681,2219,0.4740440076906644
1000ms,1000,60,fep,23,383.3333333333333,4678,2205,0.47135528003420263
1000ms,1000,60,fep,24,400.0,4675,2189,0.4682352941176471
1000ms,1000,60,fep,25,416.6666666666667,4672,2170,0.4644691780821918
1000ms,1000,60,fep,26,433.3333333333333,4669,2152,0.46091240094238595
1000ms,1000,60,fep,27,450.0,4666,2142,0.45906558079725673
1000ms,1000,60,fep,28,466.6666666666667,4663,2128,0.4563585674458503
1000ms,1000,60,fep,29,483.3333333333333,4661,2115,0.45376528641922337
1000ms,1000,60,fep,30,500.0,4662,2101,0.45066495066495066
1000ms,1000,60,fep,31,516.6666666666666,4663,2087,0.4475659446708128
1000ms,1000,60,fep,32,533.3333333333334,4666,2077,0.44513501928846977
1000ms,1000,60,fep,33,550.0,4669,2067,0.4427072178196616
1000ms,1000,60,fep,34,566.6666666666666,4672,2056,0.4400684931506849
1000ms,1000,60,fep,35,583.3333333333334,4675,2042,0.43679144385026736
1000ms,1000,60,fep,36,600.0,4678,2025,0.43287729799059427
1000ms,1000,60,fep,37,616.6666666666666,4681,2009,0.42918179876094853
1000ms,1000,60,fep,38,633.3333333333334,4684,1990,0.42485055508112723
1000ms,1000,60,fep,39,650.0,4687,1972,0.42073821207595474
1000ms,1000,60,fep,40,666.6666666666666,4690,1955,0.4168443496801706
1000ms,1000,60,fep,41,683.3333333333334,4693,1935,0.41231621564031534
1000ms,1000,60,fep,42,700.0,4696,1915,0.407793867120954
1000ms,1000,60,fep,43,716.6666666666666,4699,1895,0.40327729304107257
1000ms,1000,60,fep,44,733.3333333333334,4702,1874,0.3985538068906848
1000ms,1000,60,fep,45,750.0,4705,1853,0.393836344314559
1000ms,1000,60,fep,46,766.6666666666666,4708,1832,0.38912489379779097
1000ms,1000,60,fep,47,783.3333333333334,4711,1811,0.3844194438548079
1000ms,1000,60,fep,48,800.0,4714,1791,0.37993211709800595
1000ms,1000,60,fep,49,816.6666666666666,4717,1775,0.3762984948060208
1000ms,1000,60,fep,50,833.3333333333334,4720,1760,0.3728813559322034
1000ms,1000,60,fep,51,850.0,4723,1747,0.36989201778530595
1000ms,1000,60,fep,52,866.6666666666666,4726,1736,0.3673296656792213
1000ms,1000,60,fep,53,883.3333333333334,4729,1726,0.364982025798266
1000ms,1000,60,fep,54,900.0,4732,1713,0.3620033812341505
1000ms,1000,60,fep,55,916.6666666666666,4735,1701,0.35923970432946145
1000ms,1000,60,fep,56,933.3333333333334,4738,1691,0.35690164626424653
1000ms,1000,60,fep,57,950.0,4741,1685,0.3554102510018983
1000ms,1000,60,fep,58,966.6666666666666,4743,1679,0.35399536158549444
1000ms,1000,60,fep,59,983.3333333333334,4745,1674,0.35279241306638565
1000ms,1000,60,fep,60,1000.0,4747,1671,0.3520117969243733
2000ms,2000,120,xgboost,1,16.666666666666668,3130,2985,0.9536741214057508
2000ms,2000,120,xgboost,2,33.333333333333336,3127,2775,0.887432043492165
2000ms,2000,120,xgboost,3,50.0,3124,2628,0.8412291933418694
2000ms,2000,120,xgboost,4,66.66666666666667,3121,2486,0.7965395706504326
2000ms,2000,120,xgboost,5,83.33333333333333,3118,2354,0.7549711353431687
2000ms,2000,120,xgboost,6,100.0,3115,2233,0.7168539325842697
2000ms,2000,120,xgboost,7,116.66666666666667,3112,2117,0.6802699228791774
2000ms,2000,120,xgboost,8,133.33333333333334,3109,2012,0.6471534255387584
2000ms,2000,120,xgboost,9,150.0,3106,1928,0.6207340631036703
2000ms,2000,120,xgboost,10,166.66666666666666,3103,1852,0.5968417660328714
2000ms,2000,120,xgboost,11,183.33333333333334,3100,1775,0.5725806451612904
2000ms,2000,120,xgboost,12,200.0,3097,1712,0.5527930255085567
2000ms,2000,120,xgboost,13,216.66666666666666,3094,1647,0.5323206205559147
2000ms,2000,120,xgboost,14,233.33333333333334,3091,1582,0.5118084762212876
2000ms,2000,120,xgboost,15,250.0,3088,1519,0.49190414507772023
2000ms,2000,120,xgboost,16,266.6666666666667,3085,1463,0.4742301458670989
2000ms,2000,120,xgboost,17,283.3333333333333,3082,1404,0.4555483452303699
2000ms,2000,120,xgboost,18,300.0,3079,1350,0.43845404352062356
2000ms,2000,120,xgboost,19,316.6666666666667,3076,1287,0.41840052015604684
2000ms,2000,120,xgboost,20,333.3333333333333,3073,1222,0.39765701269118126
2000ms,2000,120,xgboost,21,350.0,3070,1158,0.3771986970684039
2000ms,2000,120,xgboost,22,366.6666666666667,3067,1097,0.3576785132050864
2000ms,2000,120,xgboost,23,383.3333333333333,3064,1060,0.34595300261096606
2000ms,2000,120,xgboost,24,400.0,3061,1052,0.3436785364260046
2000ms,2000,120,xgboost,25,416.6666666666667,3058,1041,0.3404185742315239
2000ms,2000,120,xgboost,26,433.3333333333333,3055,1038,0.3397708674304419
2000ms,2000,120,xgboost,27,450.0,3052,1037,0.33977719528178246
2000ms,2000,120,xgboost,28,466.6666666666667,3049,1032,0.3384716300426369
2000ms,2000,120,xgboost,29,483.3333333333333,3047,1027,0.337052838857893
2000ms,2000,120,xgboost,30,500.0,3048,998,0.3274278215223097
2000ms,2000,120,xgboost,31,516.6666666666666,3049,990,0.3246966218432273
2000ms,2000,120,xgboost,32,533.3333333333334,3050,980,0.32131147540983607
2000ms,2000,120,xgboost,33,550.0,3051,846,0.27728613569321536
2000ms,2000,120,xgboost,34,566.6666666666666,3052,844,0.2765399737876802
2000ms,2000,120,xgboost,35,583.3333333333334,3053,839,0.2748116606616443
2000ms,2000,120,xgboost,36,600.0,3054,838,0.27439423706614274
2000ms,2000,120,xgboost,37,616.6666666666666,3055,832,0.2723404255319149
2000ms,2000,120,xgboost,38,633.3333333333334,3056,837,0.27388743455497383
2000ms,2000,120,xgboost,39,650.0,3057,837,0.27379784102060845
2000ms,2000,120,xgboost,40,666.6666666666666,3058,812,0.2655330281229562
2000ms,2000,120,xgboost,41,683.3333333333334,3059,807,0.2638117031709709
2000ms,2000,120,xgboost,42,700.0,3060,793,0.25915032679738564
2000ms,2000,120,xgboost,43,716.6666666666666,3061,791,0.2584122835674616
2000ms,2000,120,xgboost,44,733.3333333333334,3062,808,0.263879817112998
2000ms,2000,120,xgboost,45,750.0,3063,824,0.26901730329742085
2000ms,2000,120,xgboost,46,766.6666666666666,3064,820,0.26762402088772846
2000ms,2000,120,xgboost,47,783.3333333333334,3065,807,0.2632952691680261
2000ms,2000,120,xgboost,48,800.0,3066,827,0.2697325505544684
2000ms,2000,120,xgboost,49,816.6666666666666,3067,829,0.270296706879687
2000ms,2000,120,xgboost,50,833.3333333333334,3068,820,0.26727509778357234
2000ms,2000,120,xgboost,51,850.0,3069,807,0.26295210166177907
2000ms,2000,120,xgboost,52,866.6666666666666,3070,806,0.2625407166123778
2000ms,2000,120,xgboost,53,883.3333333333334,3071,802,0.2611527189840443
2000ms,2000,120,xgboost,54,900.0,3072,795,0.2587890625
2000ms,2000,120,xgboost,55,916.6666666666666,3073,783,0.2547998698340384
2000ms,2000,120,xgboost,56,933.3333333333334,3074,770,0.2504879635653871
2000ms,2000,120,xgboost,57,950.0,3075,760,0.24715447154471545
2000ms,2000,120,xgboost,58,966.6666666666666,3075,753,0.2448780487804878
2000ms,2000,120,xgboost,59,983.3333333333334,3075,744,0.24195121951219511
2000ms,2000,120,xgboost,60,1000.0,3075,721,0.23447154471544715
2000ms,2000,120,xgboost,61,1016.6666666666666,3075,697,0.22666666666666666
2000ms,2000,120,xgboost,62,1033.3333333333333,3075,681,0.22146341463414634
2000ms,2000,120,xgboost,63,1050.0,3075,666,0.21658536585365853
2000ms,2000,120,xgboost,64,1066.6666666666667,3075,656,0.21333333333333335
2000ms,2000,120,xgboost,65,1083.3333333333333,3075,664,0.2159349593495935
2000ms,2000,120,xgboost,66,1100.0,3075,683,0.22211382113821138
2000ms,2000,120,xgboost,67,1116.6666666666667,3075,699,0.22731707317073171
2000ms,2000,120,xgboost,68,1133.3333333333333,3075,701,0.22796747967479675
2000ms,2000,120,xgboost,69,1150.0,3075,687,0.22341463414634147
2000ms,2000,120,xgboost,70,1166.6666666666667,3075,667,0.21691056910569106
2000ms,2000,120,xgboost,71,1183.3333333333333,3075,654,0.2126829268292683
2000ms,2000,120,xgboost,72,1200.0,3075,648,0.21073170731707316
2000ms,2000,120,xgboost,73,1216.6666666666667,3075,658,0.21398373983739838
2000ms,2000,120,xgboost,74,1233.3333333333333,3075,666,0.21658536585365853
2000ms,2000,120,xgboost,75,1250.0,3075,667,0.21691056910569106
2000ms,2000,120,xgboost,76,1266.6666666666667,3075,669,0.2175609756097561
2000ms,2000,120,xgboost,77,1283.3333333333333,3075,667,0.21691056910569106
2000ms,2000,120,xgboost,78,1300.0,3075,672,0.21853658536585366
2000ms,2000,120,xgboost,79,1316.6666666666667,3075,668,0.21723577235772357
2000ms,2000,120,xgboost,80,1333.3333333333333,3075,670,0.21788617886178863
2000ms,2000,120,xgboost,81,1350.0,3075,672,0.21853658536585366
2000ms,2000,120,xgboost,82,1366.6666666666667,3075,677,0.22016260162601625
2000ms,2000,120,xgboost,83,1383.3333333333333,3075,677,0.22016260162601625
2000ms,2000,120,xgboost,84,1400.0,3075,675,0.21951219512195122
2000ms,2000,120,xgboost,85,1416.6666666666667,3075,678,0.22048780487804878
2000ms,2000,120,xgboost,86,1433.3333333333333,3075,682,0.22178861788617887
2000ms,2000,120,xgboost,87,1450.0,3075,683,0.22211382113821138
2000ms,2000,120,xgboost,88,1466.6666666666667,3075,690,0.22439024390243903
2000ms,2000,120,xgboost,89,1483.3333333333333,3075,691,0.22471544715447153
2000ms,2000,120,xgboost,90,1500.0,3075,679,0.2208130081300813
2000ms,2000,120,xgboost,91,1516.6666666666667,3075,673,0.2188617886178862
2000ms,2000,120,xgboost,92,1533.3333333333333,3077,661,0.21481962950926226
2000ms,2000,120,xgboost,93,1550.0,3079,652,0.21175706398181227
2000ms,2000,120,xgboost,94,1566.6666666666667,3081,652,0.2116196040246673
2000ms,2000,120,xgboost,95,1583.3333333333333,3083,651,0.21115796302302953
2000ms,2000,120,xgboost,96,1600.0,3085,649,0.21037277147487846
2000ms,2000,120,xgboost,97,1616.6666666666667,3087,635,0.20570132815030776
2000ms,2000,120,xgboost,98,1633.3333333333333,3089,633,0.204920686306248
2000ms,2000,120,xgboost,99,1650.0,3091,629,0.20349401488191524
2000ms,2000,120,xgboost,100,1666.6666666666667,3093,628,0.20303912059489168
2000ms,2000,120,xgboost,101,1683.3333333333333,3095,623,0.2012924071082391
2000ms,2000,120,xgboost,102,1700.0,3097,618,0.19954794962867292
2000ms,2000,120,xgboost,103,1716.6666666666667,3099,614,0.19812842852533075
2000ms,2000,120,xgboost,104,1733.3333333333333,3101,604,0.1947758787487907
2000ms,2000,120,xgboost,105,1750.0,3103,591,0.19046084434418306
2000ms,2000,120,xgboost,106,1766.6666666666667,3105,574,0.18486312399355878
2000ms,2000,120,xgboost,107,1783.3333333333333,3107,565,0.18184744126166721
2000ms,2000,120,xgboost,108,1800.0,3109,558,0.1794789321325185
2000ms,2000,120,xgboost,109,1816.6666666666667,3111,558,0.17936354869816779
2000ms,2000,120,xgboost,110,1833.3333333333333,3113,568,0.1824606488917443
2000ms,2000,120,xgboost,111,1850.0,3115,562,0.18041733547351524
2000ms,2000,120,xgboost,112,1866.6666666666667,3117,555,0.17805582290664101
2000ms,2000,120,xgboost,113,1883.3333333333333,3119,549,0.17601795447258736
2000ms,2000,120,xgboost,114,1900.0,3121,545,0.17462351810317206
2000ms,2000,120,xgboost,115,1916.6666666666667,3123,541,0.17323086775536342
2000ms,2000,120,xgboost,116,1933.3333333333333,3125,541,0.17312
2000ms,2000,120,xgboost,117,1950.0,3127,545,0.17428845538855134
2000ms,2000,120,xgboost,118,1966.6666666666667,3129,545,0.17417705337168424
2000ms,2000,120,xgboost,119,1983.3333333333333,3131,549,0.17534334078569147
2000ms,2000,120,xgboost,120,2000.0,3133,540,0.17235876157037983
2000ms,2000,120,fep,1,16.666666666666668,3130,1442,0.460702875399361
2000ms,2000,120,fep,2,33.333333333333336,3127,1441,0.46082507195394945
2000ms,2000,120,fep,3,50.0,3124,1441,0.4612676056338028
2000ms,2000,120,fep,4,66.66666666666667,3121,1437,0.46042934956744636
2000ms,2000,120,fep,5,83.33333333333333,3118,1432,0.45926876202694034
2000ms,2000,120,fep,6,100.0,3115,1430,0.4590690208667737
2000ms,2000,120,fep,7,116.66666666666667,3112,1428,0.4588688946015424
2000ms,2000,120,fep,8,133.33333333333334,3109,1425,0.45834673528465747
2000ms,2000,120,fep,9,150.0,3106,1422,0.4578235672891178
2000ms,2000,120,fep,10,166.66666666666666,3103,1417,0.45665485014502094
2000ms,2000,120,fep,11,183.33333333333334,3100,1408,0.4541935483870968
2000ms,2000,120,fep,12,200.0,3097,1399,0.45172747820471426
2000ms,2000,120,fep,13,216.66666666666666,3094,1391,0.4495798319327731
2000ms,2000,120,fep,14,233.33333333333334,3091,1384,0.44775153671950824
2000ms,2000,120,fep,15,250.0,3088,1378,0.44624352331606215
2000ms,2000,120,fep,16,266.6666666666667,3085,1372,0.4447325769854133
2000ms,2000,120,fep,17,283.3333333333333,3082,1368,0.44386761842959116
2000ms,2000,120,fep,18,300.0,3079,1362,0.4423514127963625
2000ms,2000,120,fep,19,316.6666666666667,3076,1356,0.4408322496749025
2000ms,2000,120,fep,20,333.3333333333333,3073,1351,0.4396355353075171
2000ms,2000,120,fep,21,350.0,3070,1346,0.43843648208469055
2000ms,2000,120,fep,22,366.6666666666667,3067,1344,0.4382132376915553
2000ms,2000,120,fep,23,383.3333333333333,3064,1339,0.43701044386422977
2000ms,2000,120,fep,24,400.0,3061,1333,0.4354786017641294
2000ms,2000,120,fep,25,416.6666666666667,3058,1326,0.43361674296926095
2000ms,2000,120,fep,26,433.3333333333333,3055,1320,0.4320785597381342
2000ms,2000,120,fep,27,450.0,3052,1315,0.43086500655307997
2000ms,2000,120,fep,28,466.6666666666667,3049,1308,0.4289931124959003
2000ms,2000,120,fep,29,483.3333333333333,3047,1303,0.42763373810305216
2000ms,2000,120,fep,30,500.0,3048,1297,0.4255249343832021
2000ms,2000,120,fep,31,516.6666666666666,3049,1291,0.4234175139389964
2000ms,2000,120,fep,32,533.3333333333334,3050,1291,0.42327868852459016
2000ms,2000,120,fep,33,550.0,3051,1290,0.42281219272369713
2000ms,2000,120,fep,34,566.6666666666666,3052,1293,0.42365661861074705
2000ms,2000,120,fep,35,583.3333333333334,3053,1292,0.4231903046184081
2000ms,2000,120,fep,36,600.0,3054,1287,0.4214145383104126
2000ms,2000,120,fep,37,616.6666666666666,3055,1279,0.418657937806874
2000ms,2000,120,fep,38,633.3333333333334,3056,1268,0.41492146596858637
2000ms,2000,120,fep,39,650.0,3057,1258,0.41151455675498855
2000ms,2000,120,fep,40,666.6666666666666,3058,1250,0.40876389797253104
2000ms,2000,120,fep,41,683.3333333333334,3059,1240,0.4053612291598562
2000ms,2000,120,fep,42,700.0,3060,1229,0.4016339869281046
2000ms,2000,120,fep,43,716.6666666666666,3061,1218,0.3979091800065338
2000ms,2000,120,fep,44,733.3333333333334,3062,1206,0.39386022207707383
2000ms,2000,120,fep,45,750.0,3063,1194,0.38981390793339865
2000ms,2000,120,fep,46,766.6666666666666,3064,1182,0.3857702349869452
2000ms,2000,120,fep,47,783.3333333333334,3065,1172,0.38238172920065255
2000ms,2000,120,fep,48,800.0,3066,1163,0.3793215916503588
2000ms,2000,120,fep,49,816.6666666666666,3067,1157,0.3772416041734594
2000ms,2000,120,fep,50,833.3333333333334,3068,1152,0.3754889178617992
2000ms,2000,120,fep,51,850.0,3069,1145,0.3730856956663408
2000ms,2000,120,fep,52,866.6666666666666,3070,1137,0.37035830618892507
2000ms,2000,120,fep,53,883.3333333333334,3071,1129,0.3676326929338978
2000ms,2000,120,fep,54,900.0,3072,1117,0.3636067708333333
2000ms,2000,120,fep,55,916.6666666666666,3073,1106,0.35990888382687924
2000ms,2000,120,fep,56,933.3333333333334,3074,1095,0.35621340273259594
2000ms,2000,120,fep,57,950.0,3075,1087,0.3534959349593496
2000ms,2000,120,fep,58,966.6666666666666,3075,1082,0.351869918699187
2000ms,2000,120,fep,59,983.3333333333334,3075,1080,0.35121951219512193
2000ms,2000,120,fep,60,1000.0,3075,1080,0.35121951219512193
2000ms,2000,120,fep,61,1016.6666666666666,3075,1078,0.3505691056910569
2000ms,2000,120,fep,62,1033.3333333333333,3075,1076,0.34991869918699187
2000ms,2000,120,fep,63,1050.0,3075,1073,0.3489430894308943
2000ms,2000,120,fep,64,1066.6666666666667,3075,1071,0.34829268292682924
2000ms,2000,120,fep,65,1083.3333333333333,3075,1067,0.3469918699186992
2000ms,2000,120,fep,66,1100.0,3075,1064,0.3460162601626016
2000ms,2000,120,fep,67,1116.6666666666667,3075,1061,0.34504065040650406
2000ms,2000,120,fep,68,1133.3333333333333,3075,1057,0.343739837398374
2000ms,2000,120,fep,69,1150.0,3075,1053,0.34243902439024393
2000ms,2000,120,fep,70,1166.6666666666667,3075,1049,0.3411382113821138
2000ms,2000,120,fep,71,1183.3333333333333,3075,1047,0.3404878048780488
2000ms,2000,120,fep,72,1200.0,3075,1046,0.34016260162601625
2000ms,2000,120,fep,73,1216.6666666666667,3075,1044,0.33951219512195124
2000ms,2000,120,fep,74,1233.3333333333333,3075,1041,0.3385365853658537
2000ms,2000,120,fep,75,1250.0,3075,1036,0.33691056910569106
2000ms,2000,120,fep,76,1266.6666666666667,3075,1033,0.3359349593495935
2000ms,2000,120,fep,77,1283.3333333333333,3075,1033,0.3359349593495935
2000ms,2000,120,fep,78,1300.0,3075,1034,0.336260162601626
2000ms,2000,120,fep,79,1316.6666666666667,3075,1035,0.33658536585365856
2000ms,2000,120,fep,80,1333.3333333333333,3075,1033,0.3359349593495935
2000ms,2000,120,fep,81,1350.0,3075,1028,0.3343089430894309
2000ms,2000,120,fep,82,1366.6666666666667,3075,1024,0.3330081300813008
2000ms,2000,120,fep,83,1383.3333333333333,3075,1022,0.33235772357723575
2000ms,2000,120,fep,84,1400.0,3075,1020,0.33170731707317075
2000ms,2000,120,fep,85,1416.6666666666667,3075,1018,0.3310569105691057
2000ms,2000,120,fep,86,1433.3333333333333,3075,1016,0.33040650406504063
2000ms,2000,120,fep,87,1450.0,3075,1023,0.3326829268292683
2000ms,2000,120,fep,88,1466.6666666666667,3075,1027,0.3339837398373984
2000ms,2000,120,fep,89,1483.3333333333333,3075,1032,0.335609756097561
2000ms,2000,120,fep,90,1500.0,3075,1036,0.33691056910569106
2000ms,2000,120,fep,91,1516.6666666666667,3075,1038,0.3375609756097561
2000ms,2000,120,fep,92,1533.3333333333333,3077,1040,0.3379915502112447
2000ms,2000,120,fep,93,1550.0,3079,1041,0.33809678467034754
2000ms,2000,120,fep,94,1566.6666666666667,3081,1040,0.33755274261603374
2000ms,2000,120,fep,95,1583.3333333333333,3083,1038,0.3366850470321116
2000ms,2000,120,fep,96,1600.0,3085,1038,0.33646677471636954
2000ms,2000,120,fep,97,1616.6666666666667,3087,1036,0.3356009070294785
2000ms,2000,120,fep,98,1633.3333333333333,3089,1036,0.33538361929426996
2000ms,2000,120,fep,99,1650.0,3091,1034,0.33451957295373663
2000ms,2000,120,fep,100,1666.6666666666667,3093,1034,0.33430326543808603
2000ms,2000,120,fep,101,1683.3333333333333,3095,1036,0.33473344103392566
2000ms,2000,120,fep,102,1700.0,3097,1037,0.3348401679044236
2000ms,2000,120,fep,103,1716.6666666666667,3099,1041,0.33591481122942884
2000ms,2000,120,fep,104,1733.3333333333333,3101,1047,0.33763302160593356
2000ms,2000,120,fep,105,1750.0,3103,1053,0.3393490170802449
2000ms,2000,120,fep,106,1766.6666666666667,3105,1063,0.3423510466988728
2000ms,2000,120,fep,107,1783.3333333333333,3107,1074,0.3456710653363373
2000ms,2000,120,fep,108,1800.0,3109,1084,0.3486651656481184
2000ms,2000,120,fep,109,1816.6666666666667,3111,1093,0.3513339762134362
2000ms,2000,120,fep,110,1833.3333333333333,3113,1103,0.3543205910697077
2000ms,2000,120,fep,111,1850.0,3115,1114,0.3576243980738363
2000ms,2000,120,fep,112,1866.6666666666667,3117,1126,0.3612447866538338
2000ms,2000,120,fep,113,1883.3333333333333,3119,1134,0.36357806989419683
2000ms,2000,120,fep,114,1900.0,3121,1145,0.3668695930791413
2000ms,2000,120,fep,115,1916.6666666666667,3123,1158,0.37079731027857826
2000ms,2000,120,fep,116,1933.3333333333333,3125,1171,0.37472
2000ms,2000,120,fep,117,1950.0,3127,1186,0.37927726255196675
2000ms,2000,120,fep,118,1966.6666666666667,3129,1200,0.3835091083413231
2000ms,2000,120,fep,119,1983.3333333333333,3131,1213,0.3874161609709358
2000ms,2000,120,fep,120,2000.0,3133,1227,0.3916374082349186
3000ms,3000,180,xgboost,1,16.666666666666668,1721,1641,0.9535153980244044
3000ms,3000,180,xgboost,2,33.333333333333336,1720,1531,0.8901162790697674
3000ms,3000,180,xgboost,3,50.0,1719,1449,0.8429319371727748
3000ms,3000,180,xgboost,4,66.66666666666667,1718,1370,0.7974388824214202
3000ms,3000,180,xgboost,5,83.33333333333333,1717,1293,0.7530576587070472
3000ms,3000,180,xgboost,6,100.0,1716,1226,0.7144522144522144
3000ms,3000,180,xgboost,7,116.66666666666667,1715,1160,0.6763848396501457
3000ms,3000,180,xgboost,8,133.33333333333334,1714,1098,0.6406067677946324
3000ms,3000,180,xgboost,9,150.0,1713,1045,0.6100408639813193
3000ms,3000,180,xgboost,10,166.66666666666666,1712,996,0.5817757009345794
3000ms,3000,180,xgboost,11,183.33333333333334,1711,949,0.554646405610754
3000ms,3000,180,xgboost,12,200.0,1710,910,0.5321637426900585
3000ms,3000,180,xgboost,13,216.66666666666666,1709,869,0.5084844938560562
3000ms,3000,180,xgboost,14,233.33333333333334,1708,824,0.48243559718969553
3000ms,3000,180,xgboost,15,250.0,1707,784,0.45928529584065614
3000ms,3000,180,xgboost,16,266.6666666666667,1706,746,0.4372801875732708
3000ms,3000,180,xgboost,17,283.3333333333333,1705,710,0.41642228739002934
3000ms,3000,180,xgboost,18,300.0,1704,680,0.39906103286384975
3000ms,3000,180,xgboost,19,316.6666666666667,1703,648,0.3805049911920141
3000ms,3000,180,xgboost,20,333.3333333333333,1702,619,0.363689776733255
3000ms,3000,180,xgboost,21,350.0,1701,583,0.3427395649617872
3000ms,3000,180,xgboost,22,366.6666666666667,1700,550,0.3235294117647059
3000ms,3000,180,xgboost,23,383.3333333333333,1699,539,0.31724543849323134
3000ms,3000,180,xgboost,24,400.0,1698,530,0.3121319199057715
3000ms,3000,180,xgboost,25,416.6666666666667,1697,529,0.3117265763111373
3000ms,3000,180,xgboost,26,433.3333333333333,1696,539,0.3178066037735849
3000ms,3000,180,xgboost,27,450.0,1695,545,0.3215339233038348
3000ms,3000,180,xgboost,28,466.6666666666667,1694,542,0.31995277449822906
3000ms,3000,180,xgboost,29,483.3333333333333,1694,537,0.3170011806375443
3000ms,3000,180,xgboost,30,500.0,1695,511,0.3014749262536873
3000ms,3000,180,xgboost,31,516.6666666666666,1696,505,0.2977594339622642
3000ms,3000,180,xgboost,32,533.3333333333334,1697,497,0.2928697701826753
3000ms,3000,180,xgboost,33,550.0,1698,484,0.2850412249705536
3000ms,3000,180,xgboost,34,566.6666666666666,1698,475,0.2797408716136631
3000ms,3000,180,xgboost,35,583.3333333333334,1698,470,0.2767962308598351
3000ms,3000,180,xgboost,36,600.0,1697,469,0.27637006482027104
3000ms,3000,180,xgboost,37,616.6666666666666,1696,465,0.27417452830188677
3000ms,3000,180,xgboost,38,633.3333333333334,1695,466,0.27492625368731566
3000ms,3000,180,xgboost,39,650.0,1694,466,0.27508854781582054
3000ms,3000,180,xgboost,40,666.6666666666666,1693,468,0.27643236857649145
3000ms,3000,180,xgboost,41,683.3333333333334,1692,468,0.2765957446808511
3000ms,3000,180,xgboost,42,700.0,1691,466,0.2755765819041987
3000ms,3000,180,xgboost,43,716.6666666666666,1690,468,0.27692307692307694
3000ms,3000,180,xgboost,44,733.3333333333334,1689,472,0.27945529899348726
3000ms,3000,180,xgboost,45,750.0,1688,485,0.28732227488151657
3000ms,3000,180,xgboost,46,766.6666666666666,1687,493,0.2922347362181387
3000ms,3000,180,xgboost,47,783.3333333333334,1686,497,0.2947805456702254
3000ms,3000,180,xgboost,48,800.0,1685,510,0.3026706231454006
3000ms,3000,180,xgboost,49,816.6666666666666,1684,514,0.30522565320665085
3000ms,3000,180,xgboost,50,833.3333333333334,1683,524,0.3113487819370172
3000ms,3000,180,xgboost,51,850.0,1682,521,0.3097502972651605
3000ms,3000,180,xgboost,52,866.6666666666666,1681,528,0.314098750743605
3000ms,3000,180,xgboost,53,883.3333333333334,1680,535,0.31845238095238093
3000ms,3000,180,xgboost,54,900.0,1679,535,0.3186420488385944
3000ms,3000,180,xgboost,55,916.6666666666666,1678,529,0.31525625744934443
3000ms,3000,180,xgboost,56,933.3333333333334,1677,515,0.30709600477042337
3000ms,3000,180,xgboost,57,950.0,1676,504,0.30071599045346065
3000ms,3000,180,xgboost,58,966.6666666666666,1674,492,0.2939068100358423
3000ms,3000,180,xgboost,59,983.3333333333334,1672,480,0.28708133971291866
3000ms,3000,180,xgboost,60,1000.0,1670,461,0.2760479041916168
3000ms,3000,180,xgboost,61,1016.6666666666666,1668,450,0.2697841726618705
3000ms,3000,180,xgboost,62,1033.3333333333333,1666,443,0.265906362545018
3000ms,3000,180,xgboost,63,1050.0,1665,437,0.26246246246246246
3000ms,3000,180,xgboost,64,1066.6666666666667,1664,439,0.26382211538461536
3000ms,3000,180,xgboost,65,1083.3333333333333,1664,450,0.2704326923076923
3000ms,3000,180,xgboost,66,1100.0,1664,460,0.2764423076923077
3000ms,3000,180,xgboost,67,1116.6666666666667,1664,469,0.28185096153846156
3000ms,3000,180,xgboost,68,1133.3333333333333,1664,465,0.27944711538461536
3000ms,3000,180,xgboost,69,1150.0,1664,455,0.2734375
3000ms,3000,180,xgboost,70,1166.6666666666667,1664,446,0.26802884615384615
3000ms,3000,180,xgboost,71,1183.3333333333333,1664,445,0.26742788461538464
3000ms,3000,180,xgboost,72,1200.0,1664,447,0.2686298076923077
3000ms,3000,180,xgboost,73,1216.6666666666667,1664,460,0.2764423076923077
3000ms,3000,180,xgboost,74,1233.3333333333333,1664,464,0.27884615384615385
3000ms,3000,180,xgboost,75,1250.0,1664,462,0.2776442307692308
3000ms,3000,180,xgboost,76,1266.6666666666667,1664,464,0.27884615384615385
3000ms,3000,180,xgboost,77,1283.3333333333333,1664,467,0.28064903846153844
3000ms,3000,180,xgboost,78,1300.0,1664,470,0.2824519230769231
3000ms,3000,180,xgboost,79,1316.6666666666667,1664,468,0.28125
3000ms,3000,180,xgboost,80,1333.3333333333333,1664,473,0.2842548076923077
3000ms,3000,180,xgboost,81,1350.0,1664,473,0.2842548076923077
3000ms,3000,180,xgboost,82,1366.6666666666667,1664,480,0.28846153846153844
3000ms,3000,180,xgboost,83,1383.3333333333333,1664,477,0.28665865384615385
3000ms,3000,180,xgboost,84,1400.0,1664,470,0.2824519230769231
3000ms,3000,180,xgboost,85,1416.6666666666667,1664,464,0.27884615384615385
3000ms,3000,180,xgboost,86,1433.3333333333333,1664,457,0.2746394230769231
3000ms,3000,180,xgboost,87,1450.0,1664,453,0.2722355769230769
3000ms,3000,180,xgboost,88,1466.6666666666667,1664,451,0.27103365384615385
3000ms,3000,180,xgboost,89,1483.3333333333333,1664,451,0.27103365384615385
3000ms,3000,180,xgboost,90,1500.0,1664,450,0.2704326923076923
3000ms,3000,180,xgboost,91,1516.6666666666667,1664,453,0.2722355769230769
3000ms,3000,180,xgboost,92,1533.3333333333333,1664,452,0.27163461538461536
3000ms,3000,180,xgboost,93,1550.0,1664,447,0.2686298076923077
3000ms,3000,180,xgboost,94,1566.6666666666667,1664,435,0.2614182692307692
3000ms,3000,180,xgboost,95,1583.3333333333333,1664,431,0.2590144230769231
3000ms,3000,180,xgboost,96,1600.0,1664,429,0.2578125
3000ms,3000,180,xgboost,97,1616.6666666666667,1664,418,0.2512019230769231
3000ms,3000,180,xgboost,98,1633.3333333333333,1664,407,0.24459134615384615
3000ms,3000,180,xgboost,99,1650.0,1664,399,0.23978365384615385
3000ms,3000,180,xgboost,100,1666.6666666666667,1664,393,0.2361778846153846
3000ms,3000,180,xgboost,101,1683.3333333333333,1664,387,0.2325721153846154
3000ms,3000,180,xgboost,102,1700.0,1664,378,0.22716346153846154
3000ms,3000,180,xgboost,103,1716.6666666666667,1664,377,0.2265625
3000ms,3000,180,xgboost,104,1733.3333333333333,1664,373,0.22415865384615385
3000ms,3000,180,xgboost,105,1750.0,1664,366,0.21995192307692307
3000ms,3000,180,xgboost,106,1766.6666666666667,1664,354,0.2127403846153846
3000ms,3000,180,xgboost,107,1783.3333333333333,1664,346,0.20793269230769232
3000ms,3000,180,xgboost,108,1800.0,1664,334,0.20072115384615385
3000ms,3000,180,xgboost,109,1816.6666666666667,1664,333,0.20012019230769232
3000ms,3000,180,xgboost,110,1833.3333333333333,1664,339,0.20372596153846154
3000ms,3000,180,xgboost,111,1850.0,1664,340,0.20432692307692307
3000ms,3000,180,xgboost,112,1866.6666666666667,1664,341,0.2049278846153846
3000ms,3000,180,xgboost,113,1883.3333333333333,1664,344,0.20673076923076922
3000ms,3000,180,xgboost,114,1900.0,1664,351,0.2109375
3000ms,3000,180,xgboost,115,1916.6666666666667,1664,361,0.2169471153846154
3000ms,3000,180,xgboost,116,1933.3333333333333,1664,366,0.21995192307692307
3000ms,3000,180,xgboost,117,1950.0,1664,369,0.22175480769230768
3000ms,3000,180,xgboost,118,1966.6666666666667,1664,364,0.21875
3000ms,3000,180,xgboost,119,1983.3333333333333,1664,357,0.21454326923076922
3000ms,3000,180,xgboost,120,2000.0,1664,346,0.20793269230769232
3000ms,3000,180,xgboost,121,2016.6666666666667,1664,334,0.20072115384615385
3000ms,3000,180,xgboost,122,2033.3333333333333,1664,325,0.1953125
3000ms,3000,180,xgboost,123,2050.0,1664,316,0.18990384615384615
3000ms,3000,180,xgboost,124,2066.6666666666665,1664,314,0.18870192307692307
3000ms,3000,180,xgboost,125,2083.3333333333335,1664,315,0.1893028846153846
3000ms,3000,180,xgboost,126,2100.0,1664,313,0.18810096153846154
3000ms,3000,180,xgboost,127,2116.6666666666665,1664,310,0.18629807692307693
3000ms,3000,180,xgboost,128,2133.3333333333335,1664,304,0.18269230769230768
3000ms,3000,180,xgboost,129,2150.0,1664,294,0.17668269230769232
3000ms,3000,180,xgboost,130,2166.6666666666665,1664,283,0.1700721153846154
3000ms,3000,180,xgboost,131,2183.3333333333335,1664,269,0.16165865384615385
3000ms,3000,180,xgboost,132,2200.0,1664,263,0.1580528846153846
3000ms,3000,180,xgboost,133,2216.6666666666665,1664,264,0.15865384615384615
3000ms,3000,180,xgboost,134,2233.3333333333335,1664,262,0.15745192307692307
3000ms,3000,180,xgboost,135,2250.0,1664,275,0.16526442307692307
3000ms,3000,180,xgboost,136,2266.6666666666665,1664,284,0.17067307692307693
3000ms,3000,180,xgboost,137,2283.3333333333335,1664,290,0.17427884615384615
3000ms,3000,180,xgboost,138,2300.0,1664,293,0.17608173076923078
3000ms,3000,180,xgboost,139,2316.6666666666665,1664,297,0.17848557692307693
3000ms,3000,180,xgboost,140,2333.3333333333335,1664,304,0.18269230769230768
3000ms,3000,180,xgboost,141,2350.0,1664,310,0.18629807692307693
3000ms,3000,180,xgboost,142,2366.6666666666665,1664,316,0.18990384615384615
3000ms,3000,180,xgboost,143,2383.3333333333335,1664,314,0.18870192307692307
3000ms,3000,180,xgboost,144,2400.0,1664,311,0.18689903846153846
3000ms,3000,180,xgboost,145,2416.6666666666665,1664,309,0.1856971153846154
3000ms,3000,180,xgboost,146,2433.3333333333335,1664,302,0.1814903846153846
3000ms,3000,180,xgboost,147,2450.0,1664,290,0.17427884615384615
3000ms,3000,180,xgboost,148,2466.6666666666665,1664,282,0.16947115384615385
3000ms,3000,180,xgboost,149,2483.3333333333335,1664,279,0.16766826923076922
3000ms,3000,180,xgboost,150,2500.0,1664,278,0.16706730769230768
3000ms,3000,180,xgboost,151,2516.6666666666665,1664,278,0.16706730769230768
3000ms,3000,180,xgboost,152,2533.3333333333335,1666,279,0.1674669867947179
3000ms,3000,180,xgboost,153,2550.0,1668,276,0.16546762589928057
3000ms,3000,180,xgboost,154,2566.6666666666665,1670,273,0.16347305389221556
3000ms,3000,180,xgboost,155,2583.3333333333335,1672,270,0.16148325358851676
3000ms,3000,180,xgboost,156,2600.0,1674,261,0.15591397849462366
3000ms,3000,180,xgboost,157,2616.6666666666665,1676,255,0.15214797136038186
3000ms,3000,180,xgboost,158,2633.3333333333335,1678,248,0.14779499404052443
3000ms,3000,180,xgboost,159,2650.0,1680,248,0.14761904761904762
3000ms,3000,180,xgboost,160,2666.6666666666665,1682,251,0.1492271105826397
3000ms,3000,180,xgboost,161,2683.3333333333335,1684,264,0.15676959619952494
3000ms,3000,180,xgboost,162,2700.0,1686,270,0.1601423487544484
3000ms,3000,180,xgboost,163,2716.6666666666665,1688,274,0.1623222748815166
3000ms,3000,180,xgboost,164,2733.3333333333335,1690,278,0.16449704142011834
3000ms,3000,180,xgboost,165,2750.0,1692,286,0.1690307328605201
3000ms,3000,180,xgboost,166,2766.6666666666665,1694,290,0.17119244391971664
3000ms,3000,180,xgboost,167,2783.3333333333335,1696,288,0.16981132075471697
3000ms,3000,180,xgboost,168,2800.0,1698,296,0.17432273262661954
3000ms,3000,180,xgboost,169,2816.6666666666665,1700,301,0.17705882352941177
3000ms,3000,180,xgboost,170,2833.3333333333335,1702,312,0.18331374853113983
3000ms,3000,180,xgboost,171,2850.0,1704,319,0.18720657276995306
3000ms,3000,180,xgboost,172,2866.6666666666665,1706,316,0.18522860492379836
3000ms,3000,180,xgboost,173,2883.3333333333335,1708,315,0.18442622950819673
3000ms,3000,180,xgboost,174,2900.0,1710,316,0.1847953216374269
3000ms,3000,180,xgboost,175,2916.6666666666665,1712,316,0.18457943925233644
3000ms,3000,180,xgboost,176,2933.3333333333335,1714,308,0.17969661610268378
3000ms,3000,180,xgboost,177,2950.0,1716,298,0.17365967365967366
3000ms,3000,180,xgboost,178,2966.6666666666665,1718,291,0.16938300349243307
3000ms,3000,180,xgboost,179,2983.3333333333335,1720,283,0.16453488372093023
3000ms,3000,180,xgboost,180,3000.0,1722,279,0.16202090592334495
3000ms,3000,180,fep,1,16.666666666666668,1721,714,0.4148750726321906
3000ms,3000,180,fep,2,33.333333333333336,1720,719,0.4180232558139535
3000ms,3000,180,fep,3,50.0,1719,726,0.4223385689354276
3000ms,3000,180,fep,4,66.66666666666667,1718,732,0.42607683352735737
3000ms,3000,180,fep,5,83.33333333333333,1717,738,0.42981945253348863
3000ms,3000,180,fep,6,100.0,1716,744,0.43356643356643354
3000ms,3000,180,fep,7,116.66666666666667,1715,750,0.43731778425655976
3000ms,3000,180,fep,8,133.33333333333334,1714,754,0.43990665110851807
3000ms,3000,180,fep,9,150.0,1713,758,0.44249854057209576
3000ms,3000,180,fep,10,166.66666666666666,1712,761,0.4445093457943925
3000ms,3000,180,fep,11,183.33333333333334,1711,764,0.4465225014611338
3000ms,3000,180,fep,12,200.0,1710,768,0.44912280701754387
3000ms,3000,180,fep,13,216.66666666666666,1709,772,0.4517261556465769
3000ms,3000,180,fep,14,233.33333333333334,1708,778,0.45550351288056207
3000ms,3000,180,fep,15,250.0,1707,783,0.45869947275922673
3000ms,3000,180,fep,16,266.6666666666667,1706,789,0.46248534583821804
3000ms,3000,180,fep,17,283.3333333333333,1705,794,0.4656891495601173
3000ms,3000,180,fep,18,300.0,1704,796,0.4671361502347418
3000ms,3000,180,fep,19,316.6666666666667,1703,799,0.46917204932472106
3000ms,3000,180,fep,20,333.3333333333333,1702,801,0.4706227967097532
3000ms,3000,180,fep,21,350.0,1701,805,0.4732510288065844
3000ms,3000,180,fep,22,366.6666666666667,1700,811,0.47705882352941176
3000ms,3000,180,fep,23,383.3333333333333,1699,813,0.4785167745732784
3000ms,3000,180,fep,24,400.0,1698,814,0.4793875147232038
3000ms,3000,180,fep,25,416.6666666666667,1697,812,0.47849145550972305
3000ms,3000,180,fep,26,433.3333333333333,1696,810,0.47759433962264153
3000ms,3000,180,fep,27,450.0,1695,809,0.4772861356932153
3000ms,3000,180,fep,28,466.6666666666667,1694,809,0.47756788665879574
3000ms,3000,180,fep,29,483.3333333333333,1694,809,0.47756788665879574
3000ms,3000,180,fep,30,500.0,1695,810,0.4778761061946903
3000ms,3000,180,fep,31,516.6666666666666,1696,810,0.47759433962264153
3000ms,3000,180,fep,32,533.3333333333334,1697,812,0.47849145550972305
3000ms,3000,180,fep,33,550.0,1698,811,0.47762073027090696
3000ms,3000,180,fep,34,566.6666666666666,1698,810,0.47703180212014135
3000ms,3000,180,fep,35,583.3333333333334,1698,807,0.4752650176678445
3000ms,3000,180,fep,36,600.0,1697,801,0.47200942840306426
3000ms,3000,180,fep,37,616.6666666666666,1696,795,0.46875
3000ms,3000,180,fep,38,633.3333333333334,1695,788,0.4648967551622419
3000ms,3000,180,fep,39,650.0,1694,783,0.46221959858323497
3000ms,3000,180,fep,40,666.6666666666666,1693,780,0.4607206142941524
3000ms,3000,180,fep,41,683.3333333333334,1692,775,0.4580378250591017
3000ms,3000,180,fep,42,700.0,1691,769,0.4547604967474867
3000ms,3000,180,fep,43,716.6666666666666,1690,762,0.450887573964497
3000ms,3000,180,fep,44,733.3333333333334,1689,755,0.44701006512729424
3000ms,3000,180,fep,45,750.0,1688,747,0.4425355450236967
3000ms,3000,180,fep,46,766.6666666666666,1687,737,0.43687018375815057
3000ms,3000,180,fep,47,783.3333333333334,1686,728,0.431791221826809
3000ms,3000,180,fep,48,800.0,1685,718,0.4261127596439169
3000ms,3000,180,fep,49,816.6666666666666,1684,708,0.42042755344418054
3000ms,3000,180,fep,50,833.3333333333334,1683,696,0.41354723707664887
3000ms,3000,180,fep,51,850.0,1682,683,0.406064209274673
3000ms,3000,180,fep,52,866.6666666666666,1681,671,0.39916716240333133
3000ms,3000,180,fep,53,883.3333333333334,1680,661,0.39345238095238094
3000ms,3000,180,fep,54,900.0,1679,650,0.38713519952352593
3000ms,3000,180,fep,55,916.6666666666666,1678,641,0.38200238379022644
3000ms,3000,180,fep,56,933.3333333333334,1677,632,0.3768634466308885
3000ms,3000,180,fep,57,950.0,1676,624,0.3723150357995227
3000ms,3000,180,fep,58,966.6666666666666,1674,616,0.36798088410991636
3000ms,3000,180,fep,59,983.3333333333334,1672,607,0.3630382775119617
3000ms,3000,180,fep,60,1000.0,1670,599,0.3586826347305389
3000ms,3000,180,fep,61,1016.6666666666666,1668,591,0.35431654676258995
3000ms,3000,180,fep,62,1033.3333333333333,1666,584,0.3505402160864346
3000ms,3000,180,fep,63,1050.0,1665,576,0.34594594594594597
3000ms,3000,180,fep,64,1066.6666666666667,1664,570,0.3425480769230769
3000ms,3000,180,fep,65,1083.3333333333333,1664,563,0.33834134615384615
3000ms,3000,180,fep,66,1100.0,1664,557,0.3347355769230769
3000ms,3000,180,fep,67,1116.6666666666667,1664,553,0.3323317307692308
3000ms,3000,180,fep,68,1133.3333333333333,1664,551,0.3311298076923077
3000ms,3000,180,fep,69,1150.0,1664,551,0.3311298076923077
3000ms,3000,180,fep,70,1166.6666666666667,1664,550,0.33052884615384615
3000ms,3000,180,fep,71,1183.3333333333333,1664,547,0.32872596153846156
3000ms,3000,180,fep,72,1200.0,1664,544,0.3269230769230769
3000ms,3000,180,fep,73,1216.6666666666667,1664,541,0.3251201923076923
3000ms,3000,180,fep,74,1233.3333333333333,1664,538,0.3233173076923077
3000ms,3000,180,fep,75,1250.0,1664,535,0.3215144230769231
3000ms,3000,180,fep,76,1266.6666666666667,1664,534,0.32091346153846156
3000ms,3000,180,fep,77,1283.3333333333333,1664,536,0.32211538461538464
3000ms,3000,180,fep,78,1300.0,1664,539,0.3239182692307692
3000ms,3000,180,fep,79,1316.6666666666667,1664,542,0.32572115384615385
3000ms,3000,180,fep,80,1333.3333333333333,1664,545,0.32752403846153844
3000ms,3000,180,fep,81,1350.0,1664,547,0.32872596153846156
3000ms,3000,180,fep,82,1366.6666666666667,1664,552,0.3317307692307692
3000ms,3000,180,fep,83,1383.3333333333333,1664,559,0.3359375
3000ms,3000,180,fep,84,1400.0,1664,566,0.3401442307692308
3000ms,3000,180,fep,85,1416.6666666666667,1664,573,0.34435096153846156
3000ms,3000,180,fep,86,1433.3333333333333,1664,578,0.3473557692307692
3000ms,3000,180,fep,87,1450.0,1664,583,0.3503605769230769
3000ms,3000,180,fep,88,1466.6666666666667,1664,587,0.3527644230769231
3000ms,3000,180,fep,89,1483.3333333333333,1664,590,0.3545673076923077
3000ms,3000,180,fep,90,1500.0,1664,593,0.3563701923076923
3000ms,3000,180,fep,91,1516.6666666666667,1664,592,0.3557692307692308
3000ms,3000,180,fep,92,1533.3333333333333,1664,593,0.3563701923076923
3000ms,3000,180,fep,93,1550.0,1664,596,0.3581730769230769
3000ms,3000,180,fep,94,1566.6666666666667,1664,599,0.35997596153846156
3000ms,3000,180,fep,95,1583.3333333333333,1664,600,0.3605769230769231
3000ms,3000,180,fep,96,1600.0,1664,600,0.3605769230769231
3000ms,3000,180,fep,97,1616.6666666666667,1664,598,0.359375
3000ms,3000,180,fep,98,1633.3333333333333,1664,597,0.35877403846153844
3000ms,3000,180,fep,99,1650.0,1664,594,0.35697115384615385
3000ms,3000,180,fep,100,1666.6666666666667,1664,593,0.3563701923076923
3000ms,3000,180,fep,101,1683.3333333333333,1664,593,0.3563701923076923
3000ms,3000,180,fep,102,1700.0,1664,593,0.3563701923076923
3000ms,3000,180,fep,103,1716.6666666666667,1664,593,0.3563701923076923
3000ms,3000,180,fep,104,1733.3333333333333,1664,592,0.3557692307692308
3000ms,3000,180,fep,105,1750.0,1664,591,0.3551682692307692
3000ms,3000,180,fep,106,1766.6666666666667,1664,591,0.3551682692307692
3000ms,3000,180,fep,107,1783.3333333333333,1664,591,0.3551682692307692
3000ms,3000,180,fep,108,1800.0,1664,592,0.3557692307692308
3000ms,3000,180,fep,109,1816.6666666666667,1664,591,0.3551682692307692
3000ms,3000,180,fep,110,1833.3333333333333,1664,589,0.35396634615384615
3000ms,3000,180,fep,111,1850.0,1664,589,0.35396634615384615
3000ms,3000,180,fep,112,1866.6666666666667,1664,588,0.35336538461538464
3000ms,3000,180,fep,113,1883.3333333333333,1664,585,0.3515625
3000ms,3000,180,fep,114,1900.0,1664,582,0.34975961538461536
3000ms,3000,180,fep,115,1916.6666666666667,1664,578,0.3473557692307692
3000ms,3000,180,fep,116,1933.3333333333333,1664,574,0.3449519230769231
3000ms,3000,180,fep,117,1950.0,1664,572,0.34375
3000ms,3000,180,fep,118,1966.6666666666667,1664,570,0.3425480769230769
3000ms,3000,180,fep,119,1983.3333333333333,1664,568,0.34134615384615385
3000ms,3000,180,fep,120,2000.0,1664,566,0.3401442307692308
3000ms,3000,180,fep,121,2016.6666666666667,1664,565,0.3395432692307692
3000ms,3000,180,fep,122,2033.3333333333333,1664,563,0.33834134615384615
3000ms,3000,180,fep,123,2050.0,1664,561,0.3371394230769231
3000ms,3000,180,fep,124,2066.6666666666665,1664,560,0.33653846153846156
3000ms,3000,180,fep,125,2083.3333333333335,1664,559,0.3359375
3000ms,3000,180,fep,126,2100.0,1664,560,0.33653846153846156
3000ms,3000,180,fep,127,2116.6666666666665,1664,563,0.33834134615384615
3000ms,3000,180,fep,128,2133.3333333333335,1664,565,0.3395432692307692
3000ms,3000,180,fep,129,2150.0,1664,566,0.3401442307692308
3000ms,3000,180,fep,130,2166.6666666666665,1664,566,0.3401442307692308
3000ms,3000,180,fep,131,2183.3333333333335,1664,569,0.34194711538461536
3000ms,3000,180,fep,132,2200.0,1664,572,0.34375
3000ms,3000,180,fep,133,2216.6666666666665,1664,575,0.34555288461538464
3000ms,3000,180,fep,134,2233.3333333333335,1664,577,0.3467548076923077
3000ms,3000,180,fep,135,2250.0,1664,578,0.3473557692307692
3000ms,3000,180,fep,136,2266.6666666666665,1664,579,0.3479567307692308
3000ms,3000,180,fep,137,2283.3333333333335,1664,581,0.34915865384615385
3000ms,3000,180,fep,138,2300.0,1664,581,0.34915865384615385
3000ms,3000,180,fep,139,2316.6666666666665,1664,580,0.3485576923076923
3000ms,3000,180,fep,140,2333.3333333333335,1664,579,0.3479567307692308
3000ms,3000,180,fep,141,2350.0,1664,577,0.3467548076923077
3000ms,3000,180,fep,142,2366.6666666666665,1664,576,0.34615384615384615
3000ms,3000,180,fep,143,2383.3333333333335,1664,574,0.3449519230769231
3000ms,3000,180,fep,144,2400.0,1664,575,0.34555288461538464
3000ms,3000,180,fep,145,2416.6666666666665,1664,574,0.3449519230769231
3000ms,3000,180,fep,146,2433.3333333333335,1664,571,0.34314903846153844
3000ms,3000,180,fep,147,2450.0,1664,577,0.3467548076923077
3000ms,3000,180,fep,148,2466.6666666666665,1664,579,0.3479567307692308
3000ms,3000,180,fep,149,2483.3333333333335,1664,579,0.3479567307692308
3000ms,3000,180,fep,150,2500.0,1664,578,0.3473557692307692
3000ms,3000,180,fep,151,2516.6666666666665,1664,579,0.3479567307692308
3000ms,3000,180,fep,152,2533.3333333333335,1666,582,0.34933973589435774
3000ms,3000,180,fep,153,2550.0,1668,585,0.35071942446043164
3000ms,3000,180,fep,154,2566.6666666666665,1670,588,0.3520958083832335
3000ms,3000,180,fep,155,2583.3333333333335,1672,591,0.3534688995215311
3000ms,3000,180,fep,156,2600.0,1674,596,0.35603345280764637
3000ms,3000,180,fep,157,2616.6666666666665,1676,602,0.35918854415274465
3000ms,3000,180,fep,158,2633.3333333333335,1678,610,0.3635280095351609
3000ms,3000,180,fep,159,2650.0,1680,618,0.3678571428571429
3000ms,3000,180,fep,160,2666.6666666666665,1682,626,0.37217598097502974
3000ms,3000,180,fep,161,2683.3333333333335,1684,634,0.37648456057007124
3000ms,3000,180,fep,162,2700.0,1686,643,0.38137603795966785
3000ms,3000,180,fep,163,2716.6666666666665,1688,654,0.38744075829383884
3000ms,3000,180,fep,164,2733.3333333333335,1690,665,0.39349112426035504
3000ms,3000,180,fep,165,2750.0,1692,674,0.3983451536643026
3000ms,3000,180,fep,166,2766.6666666666665,1694,688,0.40613931523022434
3000ms,3000,180,fep,167,2783.3333333333335,1696,703,0.41450471698113206
3000ms,3000,180,fep,168,2800.0,1698,716,0.4216725559481743
3000ms,3000,180,fep,169,2816.6666666666665,1700,729,0.4288235294117647
3000ms,3000,180,fep,170,2833.3333333333335,1702,742,0.43595769682726204
3000ms,3000,180,fep,171,2850.0,1704,753,0.44190140845070425
3000ms,3000,180,fep,172,2866.6666666666665,1706,764,0.447831184056272
3000ms,3000,180,fep,173,2883.3333333333335,1708,773,0.452576112412178
3000ms,3000,180,fep,174,2900.0,1710,780,0.45614035087719296
3000ms,3000,180,fep,175,2916.6666666666665,1712,786,0.4591121495327103
3000ms,3000,180,fep,176,2933.3333333333335,1714,790,0.46091015169194866
3000ms,3000,180,fep,177,2950.0,1716,795,0.4632867132867133
3000ms,3000,180,fep,178,2966.6666666666665,1718,798,0.46449359720605354
3000ms,3000,180,fep,179,2983.3333333333335,1720,801,0.46569767441860466
3000ms,3000,180,fep,180,3000.0,1722,803,0.46631823461091754
